collision_time,day_of_week,weather_1,type_of_collision,road_surface,road_cond_1,lighting,point_x,point_y,at_fault,party_soberiety,oaf_1,party_number_killed,party_number_injured,move_pre_acc,vehicle_year,stwd_vehicle_type,race,victim_age,victim_sex,victim_role,safety_equip_used,victim_seating_postion,victim_ejected,severe_injury
20:09:00,7,A,A,A,H,C,-118.1567101,34.66037002,Y,B,A,0,0,E,2003,D,H,27,F,2,GL,3,0,0
16:04:00,3,A,D,A,H,C,-118.12996,34.60577002,N,A,N,0,1,E,2007,D,W,70,M,1,HL,1,0,0
20:40:00,5,A,A,A,H,C,-118.5506304,34.46224623,Y,B,A,1,1,B,2007,D,W,23,F,2,GL,3,0,0
20:40:00,5,A,A,A,H,C,-118.5506304,34.46224623,Y,B,A,1,1,B,2007,D,W,24,M,1,GL,1,0,1
17:00:00,5,A,A,A,H,A,-118.5130501,34.45287005,N,D,N,0,3,B,2012,D,W,12,M,2,GL,3,0,0
17:00:00,5,A,A,A,H,A,-118.5130501,34.45287005,N,D,N,0,3,B,2012,D,W,9,M,2,GL,6,0,0
17:00:00,5,A,A,A,H,A,-118.5130501,34.45287005,N,D,N,0,3,B,2012,D,W,49,M,1,GL,1,0,0
06:30:00,5,A,D,A,H,B,-118.4018801,34.28085004,Y,A,N,0,1,E,2001,D,H,32,F,1,GL,1,0,0
13:50:00,6,A,C,A,H,A,-118.4836801,34.21567006,N,A,N,0,5,A,2015,D,W,23,M,2,GM,5,0,0
13:50:00,6,A,C,A,H,A,-118.4836801,34.21567006,N,A,N,0,5,A,2015,D,W,36,M,2,GM,6,0,0
13:50:00,6,A,C,A,H,A,-118.4836801,34.21567006,N,A,N,0,5,A,2015,D,W,23,M,2,GM,3,0,0
13:50:00,6,A,C,A,H,A,-118.4836801,34.21567006,N,A,N,0,5,A,2015,D,W,26,M,2,GM,4,0,0
13:50:00,6,A,C,A,H,A,-118.4836801,34.21567006,N,A,N,0,5,A,2015,D,W,39,M,1,GM,1,0,0
11:35:00,6,B,A,A,H,A,-118.3851916,34.10745962,N,A,N,0,0,A,2011,D,H,35,M,2,GM,3,0,0
07:38:00,5,A,D,A,H,A,-118.1676901,33.80437009,N,A,N,0,1,B,2003,D,H,52,M,1,GM,1,0,0
19:30:00,5,A,B,A,H,C,-118.37183,33.97731005,Y,G,N,0,1,E,2011,D,H,30,F,2,GL,5,0,0
14:40:00,2,A,C,A,H,A,-118.3810792,34.10072948,N,A,N,0,0,A,2008,D,H,33,M,2,GM,3,0,0
22:34:00,5,A,B,A,H,C,-118.338511,34.0907,N,A,N,0,0,A,2016,D,H,19,F,2,GM,3,0,0
22:34:00,5,A,B,A,H,C,-118.338511,34.0907,Y,A,N,0,0,B,2006,D,H,33,F,2,GM,6,0,0
22:34:00,5,A,B,A,H,C,-118.338511,34.0907,Y,A,N,0,0,B,2006,D,H,31,F,2,GM,4,0,0
22:34:00,5,A,B,A,H,C,-118.338511,34.0907,Y,A,N,0,0,B,2006,D,H,27,F,2,GM,3,0,0
16:23:00,3,A,C,A,H,A,-118.23435,33.89590008,N,A,A,0,3,B,2002,D,H,12,F,2,GL,3,0,0
16:23:00,3,A,C,A,H,A,-118.23435,33.89590008,N,A,A,0,3,B,2002,D,H,7,F,2,GP,6,0,0
16:23:00,3,A,C,A,H,A,-118.23435,33.89590008,N,A,A,0,3,B,2002,D,H,15,M,2,GL,4,0,0
16:23:00,3,A,C,A,H,A,-118.23435,33.89590008,N,A,A,0,3,B,2002,D,H,9,M,2,GP,5,0,0
11:05:00,7,A,D,A,H,C,-118.3965101,34.17213008,Y,A,N,0,1,B,2003,D,H,40,M,1,GM,1,0,0
22:00:00,6,B,D,A,H,C,-118.4668791,34.31557682,N,A,ZZ,0,1,B,2011,D,H,23,F,1,LM,3,0,0
13:20:00,2,A,C,A,H,A,-118.1512801,34.68942009,Y,H,I,0,1,B,2003,D,W,61,F,1,GM,1,0,0
21:25:00,5,C,D,B,F,D,-118.1927656,34.63105477,N,A,N,0,1,B,2009,D,H,56,M,1,GL,1,0,1
18:20:00,2,A,H,A,H,B,-118.3929438,34.03561065,Y,A,A,1,0,B,2011,D,B,27,M,2,MP,7,0,0
18:20:00,2,A,H,A,H,B,-118.3929438,34.03561065,Y,A,A,1,0,B,2011,D,B,28,M,2,GM,3,0,0
18:20:00,2,A,H,A,H,B,-118.3929438,34.03561065,Y,A,A,1,0,B,2011,D,B,35,M,2,GM,2,0,0
18:20:00,2,A,H,A,H,B,-118.3929438,34.03561065,Y,A,A,1,0,B,2011,D,B,50,M,2,MP,7,0,0
18:20:00,2,A,H,A,H,B,-118.3929438,34.03561065,Y,A,A,1,0,B,2011,D,B,37,M,2,MP,7,1,1
18:00:00,3,A,D,A,H,C,-118.4094301,34.18686007,Y,A,N,0,3,E,2009,D,H,16,M,2,GM,3,0,0
18:00:00,3,A,D,A,H,C,-118.4094301,34.18686007,Y,A,N,0,3,E,2009,D,H,15,M,2,GM,6,0,0
18:00:00,3,A,D,A,H,C,-118.4094301,34.18686007,Y,A,N,0,3,E,2009,D,H,21,F,1,GM,1,0,0
19:57:00,5,C,B,B,H,C,-118.3735815,34.22220552,Y,A,N,0,1,E,2002,D,H,31,F,1,GM,1,3,0
21:00:00,4,A,C,A,H,C,-118.4482919,34.24701189,N,A,N,0,1,A,2001,D,H,51,M,1,GM,1,0,0
13:31:00,5,A,D,A,H,A,-117.9441701,34.02809005,N,A,N,0,1,B,2014,D,H,39,M,1,GM,1,0,0
05:00:00,3,C,E,B,H,C,-118.5941909,34.19376088,Y,A,A,0,1,B,2004,D,H,16,F,1,GM,1,0,0
01:05:00,5,A,A,A,H,C,-118.3615326,34.16012723,Y,A,N,0,2,N,2016,D,B,35,F,2,GL,3,0,0
01:05:00,5,A,A,A,H,C,-118.3615326,34.16012723,Y,A,N,0,2,N,2016,D,B,36,M,1,GL,1,0,0
15:50:00,1,A,D,A,H,A,-118.382816,34.17942,N,A,N,0,1,B,2006,D,H,38,M,1,GM,1,0,0
14:40:00,6,A,G,A,H,A,-118.5011581,34.25025184,N,A,N,0,0,B,2010,D,W,35,F,2,GM,3,0,0
13:30:00,6,A,D,A,H,A,-118.4664201,34.21805008,N,A,N,0,1,E,2011,D,H,31,M,2,GM,3,0,0
13:30:00,6,A,D,A,H,A,-118.4664201,34.21805008,N,A,N,0,1,E,2011,D,H,52,M,1,GM,1,0,0
13:45:00,1,A,D,A,H,A,-118.6062603,34.24223058,N,A,N,0,1,A,2003,D,W,55,M,1,GL,1,0,0
22:10:00,6,A,C,A,H,C,-118.5295582,34.24999753,Y,A,F,0,1,B,2010,D,H,50,M,1,GL,1,0,0
13:10:00,6,B,C,A,H,A,-118.5022,34.27221458,N,A,N,0,1,A,2002,D,W,28,M,1,GM,1,0,0
13:00:00,7,C,C,B,H,C,-118.3613996,34.23568481,Y,D,N,0,1,B,2002,D,H,19,F,1,GM,1,0,0
16:55:00,4,C,D,B,H,C,-118.5712201,34.24274007,N,A,N,0,1,B,2001,D,H,12,M,2,GM,3,0,0
16:55:00,4,C,D,B,H,C,-118.5712201,34.24274007,N,A,N,0,1,B,2001,D,H,47,M,1,GM,1,0,0
07:30:00,4,B,D,B,H,A,-118.4579701,34.2841801,N,A,N,0,2,E,2011,D,H,26,M,2,GM,6,3,0
07:30:00,4,B,D,B,H,A,-118.4579701,34.2841801,N,A,N,0,2,E,2011,D,H,30,M,2,GM,3,3,0
18:10:00,5,A,D,A,H,C,-118.6234201,34.2009901,N,A,N,0,1,B,2012,D,W,21,M,1,GL,1,0,0
18:10:00,6,A,C,A,H,C,-118.5772978,34.20100173,N,A,N,0,2,A,2010,D,H,53,F,2,GL,3,0,0
14:00:00,5,B,C,B,F,A,-118.500988,34.20122881,Y,G,N,0,0,B,2002,D,H,998,F,2,GM,3,0,0
21:40:00,6,A,D,A,H,C,-118.4724101,34.20111011,Y,B,N,0,0,B,2013,D,H,27,M,2,GL,3,0,0
12:35:00,5,B,D,B,H,A,-118.45747,34.20847004,N,A,N,0,0,E,2014,D,H,63,M,2,GL,5,0,0
12:35:00,5,B,D,B,H,A,-118.45747,34.20847004,N,A,N,0,0,E,2014,D,H,42,M,2,GL,3,0,0
05:02:00,2,A,D,B,H,C,-118.0767478,34.66071,N,A,N,0,1,B,2014,D,W,54,M,1,GM,1,0,0
23:12:00,3,C,H,B,H,D,-118.0274663,33.97272925,Y,B,A,0,1,N,2001,D,H,20,M,1,GM,1,0,0
07:28:00,5,B,C,A,H,A,-118.2241466,33.8926533,N,A,N,0,1,A,2016,D,H,36,F,1,GM,1,0,0
12:05:00,5,A,D,A,H,A,-118.4052701,34.21573005,Y,A,N,0,2,B,2002,D,H,60,M,1,GM,1,0,0
12:05:00,5,A,D,A,H,A,-118.4052701,34.21573005,Y,A,N,0,2,B,2002,D,H,998,F,2,GM,3,0,0
22:32:00,6,A,B,B,H,C,-118.0911801,34.11347004,N,A,N,0,1,A,2012,D,W,33,M,1,GM,1,0,0
04:50:00,3,A,D,A,H,A,-118.5273501,34.22867008,N,A,N,0,1,B,2004,D,W,62,M,1,GL,1,0,0
17:10:00,5,A,D,A,H,B,-118.13063,34.71854003,N,A,N,0,1,B,2005,D,W,52,M,1,GM,1,0,0
13:45:00,6,A,D,A,H,A,-118.3962301,33.95724008,N,A,N,0,1,E,2015,D,H,10,M,2,GM,3,0,0
13:45:00,6,A,D,A,H,A,-118.3962301,33.95724008,N,A,N,0,1,E,2015,D,H,37,M,1,GM,1,0,0
14:05:00,4,B,C,A,H,A,-118.4620544,33.97512045,Y,A,N,0,0,G,2016,D,H,42,M,2,GM,3,0,0
14:05:00,4,B,C,A,H,A,-118.4620544,33.97512045,Y,A,N,0,0,G,2016,D,H,40,M,2,GM,3,0,0
14:05:00,4,B,C,A,H,A,-118.4620544,33.97512045,Y,A,N,0,0,G,2016,D,H,25,M,2,GM,2,0,0
07:35:00,7,B,D,A,H,A,-118.30018,34.01087009,Y,B,A,0,1,B,2008,D,H,31,M,1,GL,1,0,0
07:46:00,4,A,B,A,H,A,-118.16779,33.79525693,Y,A,N,0,1,J,2007,D,O,37,M,2,GM,3,0,0
07:46:00,4,A,B,A,H,A,-118.16779,33.79525693,Y,A,N,0,1,J,2007,D,O,47,M,2,GM,5,0,0
07:46:00,4,A,B,A,H,A,-118.16779,33.79525693,Y,A,N,0,1,J,2007,D,O,49,M,2,GM,4,0,0
07:46:00,4,A,B,A,H,A,-118.16779,33.79525693,Y,A,N,0,1,J,2007,D,O,33,M,2,GM,6,0,0
13:30:00,2,B,C,A,H,A,-118.1775205,33.96920339,Y,A,N,0,1,B,2016,D,H,20,M,1,GL,1,0,0
17:40:00,1,A,C,A,H,C,-118.42371,34.42702,N,A,N,0,0,A,2016,D,W,55,F,2,GM,3,0,0
18:55:00,5,B,B,A,H,C,-118.4694415,34.30174576,N,A,N,0,2,E,2011,D,H,13,M,2,GM,9,0,0
18:55:00,5,B,B,A,H,C,-118.4694415,34.30174576,N,A,N,0,2,E,2011,D,H,9,F,2,GM,9,0,0
18:55:00,5,B,B,A,H,C,-118.4694415,34.30174576,N,A,N,0,2,E,2011,D,H,18,M,1,GM,1,0,0
16:10:00,4,A,C,A,H,A,-118.3930022,34.27673485,N,A,N,0,1,A,2004,D,H,48,M,1,GM,1,0,0
14:50:00,1,A,C,A,H,A,-118.4100076,34.1868581,N,A,N,0,0,A,2005,D,H,68,F,2,GM,6,0,0
14:50:00,1,A,C,A,H,A,-118.4100076,34.1868581,N,A,N,0,0,A,2005,D,H,66,F,2,GM,4,0,0
14:50:00,1,A,C,A,H,A,-118.4100076,34.1868581,N,A,N,0,0,A,2005,D,H,65,M,2,GM,3,0,0
08:17:00,3,B,C,A,H,A,-118.3726283,33.86903,N,A,N,0,1,A,2003,D,W,50,M,1,GM,1,0,0
23:15:00,5,A,G,A,H,D,-118.0221015,33.9581012,N,A,N,0,0,B,2011,D,H,12,M,2,GM,3,0,0
07:34:00,6,A,C,A,H,A,-118.0369964,34.05154129,N,A,N,0,1,A,2001,D,H,23,M,1,GM,1,0,0
09:10:00,4,B,F,B,H,A,-118.4987665,34.05463185,Y,A,N,0,1,B,2003,D,H,35,M,1,MS,1,0,0
20:30:00,5,A,C,A,H,C,-118.3453695,34.04605279,Y,C,F,0,1,B,2007,D,W,25,M,1,GM,1,0,0
14:58:00,2,A,D,A,H,A,-118.0284179,33.95156846,Y,A,N,0,1,L,2001,D,W,73,M,1,GM,1,0,0
20:45:00,4,C,D,B,H,C,-118.0653119,34.06271583,Y,A,N,0,1,E,2011,D,H,29,M,1,GM,1,0,0
21:35:00,7,A,E,A,H,C,-118.5270364,34.37900436,Y,B,A,0,1,E,2008,D,H,28,M,1,GL,1,0,0
09:54:00,6,B,B,A,H,A,-118.0502776,34.04069196,Y,A,ZZ,0,1,J,2013,D,H,44,M,1,GM,1,0,0
23:55:00,5,A,A,A,H,C,-118.2544448,33.99595626,Y,H,N,0,1,G,2010,D,H,3,M,2,HM,5,0,0
01:00:00,1,A,D,A,H,C,-118.28135,34.06242006,N,A,N,0,1,B,2007,D,H,47,M,1,GM,1,0,0
06:50:00,4,B,A,B,H,A,-118.5169814,34.04267937,Y,C,N,0,1,N,2003,D,H,26,M,1,EL,1,0,0
12:00:00,7,A,D,A,H,C,-118.379815,34.03696557,Y,A,N,0,1,B,2002,D,H,39,M,1,GM,1,3,0
06:34:00,4,C,C,B,H,A,-118.0275553,33.97309882,N,A,N,0,1,A,2015,D,W,72,M,1,GM,1,0,0
12:45:00,2,B,C,B,H,A,-118.4080096,34.28669956,N,A,N,0,1,A,2015,D,H,19,F,1,GM,1,0,0
22:00:00,7,A,C,A,C,C,-118.4325058,34.30916059,Y,B,A,0,1,B,2005,D,H,32,M,1,GL,1,0,0
10:15:00,6,A,A,A,H,A,-118.2451894,34.11277148,N,A,N,0,0,D,2010,D,H,0,M,2,MQ,6,0,0
10:15:00,6,A,A,A,H,A,-118.2451894,34.11277148,N,A,N,0,0,D,2010,D,H,1,M,2,MQ,5,0,0
10:15:00,6,A,A,A,H,A,-118.2451894,34.11277148,N,A,N,0,0,D,2010,D,H,8,F,2,GM,4,0,0
09:10:00,6,A,C,A,H,A,-118.5927601,34.18836002,Y,A,N,0,0,B,2004,D,H,30,M,2,GM,3,0,0
16:35:00,2,A,D,A,H,A,-118.5066,34.27204008,Y,A,N,0,1,B,2015,D,H,41,M,1,GL,1,0,0
20:07:00,2,A,D,A,H,C,-117.9648801,34.08548003,Y,A,F,0,1,E,2005,D,H,36,M,1,GL,1,0,0
07:40:00,3,A,C,A,H,A,-118.5436048,34.22063468,N,A,N,0,2,B,2009,D,W,41,M,2,GM,3,0,0
07:40:00,3,A,C,A,H,A,-118.5436048,34.22063468,N,A,N,0,2,B,2009,D,W,21,M,1,GM,1,0,0
07:39:00,4,A,G,A,H,A,-118.179,34.56491,Y,A,N,0,0,Q,2007,D,H,7,M,2,MQ,4,0,0
03:20:00,5,A,D,A,H,C,-118.0110201,33.89851007,N,A,N,0,1,B,2014,D,W,63,M,1,GL,1,0,0
03:20:00,5,A,D,A,H,C,-118.0110201,33.89851007,Y,B,A,0,2,B,2011,D,H,22,M,1,GL,1,0,0
03:20:00,5,A,D,A,H,C,-118.0110201,33.89851007,Y,B,A,0,2,B,2011,D,H,21,M,2,GL,3,0,0
15:41:00,4,A,D,A,H,A,-118.2375801,33.89588006,N,A,N,0,0,B,2007,D,H,7,M,2,GP,6,0,0
15:41:00,4,A,D,A,H,A,-118.2375801,33.89588006,N,A,N,0,0,B,2007,D,H,12,M,2,GL,3,0,0
11:00:00,1,A,C,A,H,A,-118.6015285,34.18838833,N,A,N,0,1,B,2008,D,W,47,M,1,GM,1,0,0
10:30:00,3,A,G,A,H,A,-118.2916223,34.02310126,N,C,A,0,0,G,2017,D,H,61,F,2,GM,3,0,0
19:50:00,5,C,D,B,H,C,-118.2934201,33.76392012,N,A,N,0,1,B,2001,D,H,21,M,1,GM,1,0,0
16:54:00,2,C,B,B,H,C,-118.3746044,34.19181,Y,A,N,0,1,B,2016,D,W,47,M,2,HM,3,1,0
10:00:00,6,A,D,A,H,A,-118.4520601,34.27753008,N,A,N,0,1,B,2003,D,H,34,M,1,GL,1,0,0
10:07:00,2,A,A,A,H,A,-118.5046501,34.02454003,Y,A,N,0,1,E,2006,D,H,40,M,1,GM,1,0,0
09:40:00,5,A,C,A,H,A,-118.3057041,34.10850141,N,A,N,0,3,A,2006,D,H,20,M,2,CG,2,0,0
15:37:00,4,A,D,A,H,A,-118.08589,34.68977005,N,H,N,0,1,B,2015,D,W,22,F,1,GL,1,0,0
09:40:00,5,A,C,A,H,A,-118.3057041,34.10850141,N,A,N,0,3,A,2006,D,H,52,M,2,GM,3,0,0
09:40:00,5,A,C,A,H,A,-118.3057041,34.10850141,N,A,N,0,3,A,2006,D,H,31,M,1,GM,1,0,0
11:13:00,2,C,D,B,H,A,-118.0808552,33.94513218,Y,A,N,0,1,E,2006,D,A,60,M,1,GM,1,0,0
17:30:00,2,A,D,A,H,B,-118.4311601,34.20946001,N,A,N,0,2,B,2001,D,H,35,M,2,GL,3,0,0
21:07:00,6,A,A,A,H,C,-118.1295771,33.93831213,Y,A,N,0,0,E,2004,D,H,2,M,2,MQ,2,0,0
13:25:00,3,A,D,A,H,A,-118.06053,34.10488006,N,A,N,0,1,B,2004,D,H,42,M,1,GM,1,0,0
19:25:00,7,B,D,A,H,C,-118.3603101,34.03913005,Y,A,N,0,2,E,2002,D,H,998,F,2,GL,3,0,1
19:25:00,7,B,D,A,H,C,-118.3603101,34.03913005,Y,A,N,0,2,E,2002,D,H,59,M,1,GL,1,0,0
16:45:00,5,B,D,B,H,A,-117.9715201,34.0203001,Y,A,N,0,0,L,2014,D,H,65,M,2,GM,3,0,0
19:19:00,2,A,D,A,H,C,-118.11307,34.1342329,Y,B,A,0,1,B,2001,D,H,9,M,2,GM,5,0,0
19:19:00,2,A,D,A,H,C,-118.11307,34.1342329,Y,B,A,0,1,B,2001,D,H,16,F,2,GM,3,0,0
19:19:00,2,A,D,A,H,C,-118.11307,34.1342329,Y,B,A,0,1,B,2001,D,H,10,M,2,GM,6,0,0
10:30:00,3,A,D,A,H,A,-118.40312,34.17941011,Y,A,N,0,1,E,2001,D,H,40,M,1,GL,1,0,0
10:55:00,3,A,D,A,H,A,-118.5797001,34.19378005,Y,A,N,0,1,B,2006,D,H,56,F,1,GL,1,0,0
09:00:00,5,B,D,B,H,A,-118.6043893,34.44279726,Y,A,N,0,1,E,2006,D,H,26,F,1,GM,1,0,0
06:35:00,5,A,D,A,H,A,-118.105804,33.88753,N,A,N,0,1,B,2016,D,W,52,F,1,GL,1,0,0
21:40:00,6,A,A,A,H,C,-118.4674501,34.27212008,N,A,ZZ,0,1,B,2004,D,H,16,M,2,GL,3,0,0
21:40:00,6,A,A,A,H,C,-118.4674501,34.27212008,N,A,ZZ,0,1,B,2004,D,H,39,M,1,GL,1,0,0
23:05:00,7,A,E,A,H,C,-118.5504818,34.37457935,Y,B,A,0,1,E,2004,D,W,31,M,1,GL,1,0,0
16:55:00,5,A,C,A,H,C,-118.2643179,33.98926217,N,A,N,0,1,B,2006,D,O,30,M,1,GM,1,0,0
16:55:00,5,A,C,A,H,C,-118.2643179,33.98926217,Y,A,N,0,0,B,2004,D,H,41,F,2,GM,3,0,0
09:08:00,1,C,A,B,H,A,-118.1237201,33.99693009,Y,A,N,0,1,B,2004,D,A,51,M,1,BG,1,0,0
17:30:00,2,A,D,A,H,B,-118.4311601,34.20946001,N,A,N,0,2,B,2001,D,H,37,M,1,GL,1,0,0
14:45:00,5,A,D,A,H,A,-118.2654501,34.02342011,Y,B,A,0,1,E,2005,D,O,22,F,2,GL,3,0,0
14:45:00,5,A,D,A,H,A,-118.2654501,34.02342011,Y,B,A,0,1,E,2005,D,O,38,M,1,GL,1,0,0
21:50:00,6,A,D,A,H,C,-118.25419,33.93826,N,A,N,0,1,R,2006,D,H,37,M,1,GM,1,0,0
15:50:00,7,A,B,A,H,A,-118.3969554,34.27623677,Y,G,N,0,2,A,2001,D,H,998,F,2,GM,6,0,0
15:50:00,7,A,B,A,H,A,-118.3969554,34.27623677,Y,G,N,0,2,A,2001,D,H,998,M,2,GM,3,0,0
15:50:00,7,A,B,A,H,A,-118.3969554,34.27623677,Y,G,N,0,2,A,2001,D,H,27,M,1,GM,1,0,0
11:55:00,2,A,C,A,H,A,-118.0745144,33.91098718,N,A,N,0,1,A,2002,D,H,48,F,1,GM,2,0,0
18:50:00,7,C,C,B,H,C,-118.4518862,34.24992,Y,A,N,0,1,B,2007,D,H,22,M,1,GM,1,0,0
08:40:00,3,A,A,A,H,A,-118.2871401,33.98914004,N,A,N,0,1,B,2008,D,H,45,F,2,GM,3,0,0
12:00:00,1,B,D,B,H,A,-118.2651801,33.94561004,Y,A,N,0,0,B,2002,D,H,21,M,2,GM,1,0,0
04:11:00,4,B,D,B,H,C,-117.9207001,34.12068005,N,A,N,0,2,E,2015,D,O,46,F,2,GM,3,0,0
04:11:00,4,B,D,B,H,C,-117.9207001,34.12068005,N,A,N,0,2,E,2015,D,O,52,M,1,GM,1,0,0
14:48:00,4,A,C,A,H,A,-118.3613401,33.88137002,N,A,N,0,0,A,2006,D,H,42,M,2,GM,3,0,0
19:40:00,1,A,D,A,H,C,-118.5650901,34.39475001,N,A,N,0,0,A,2004,D,W,11,F,2,GM,3,0,0
15:13:00,3,A,A,A,H,A,-118.1640211,34.70404,Y,A,N,0,0,E,2013,D,H,11,M,2,GL,3,0,0
19:40:00,4,B,C,B,H,C,-118.152127,34.660261,N,B,N,0,2,B,2010,D,H,17,F,2,GM,3,0,0
08:30:00,2,A,C,A,H,A,-118.50083,34.22848971,N,A,N,0,1,A,2001,D,H,58,M,1,GM,1,0,0
09:20:00,7,C,C,B,H,A,-118.4213544,34.31536036,N,A,N,0,1,A,2008,D,H,43,M,1,GM,1,0,0
17:10:00,5,A,A,A,H,A,-118.5903901,34.17924011,Y,A,N,0,1,B,2006,D,H,24,M,1,GL,1,0,0
14:51:00,4,A,D,A,H,A,-118.2147821,33.94520945,N,A,N,0,1,B,2011,D,H,35,M,1,GM,1,0,0
07:25:00,3,A,C,A,H,A,-118.3878,34.18974145,N,A,N,0,0,H,2005,D,H,52,M,2,GM,3,0,0
15:50:00,7,A,D,A,H,A,-118.1554101,34.09857002,N,A,N,0,1,E,2001,D,H,65,M,1,GM,1,0,0
06:15:00,4,B,D,B,H,B,-118.1280181,34.61627925,Y,A,N,0,2,F,2010,D,W,40,F,1,GL,1,0,0
06:15:00,4,B,D,B,H,B,-118.1280181,34.61627925,Y,A,N,0,2,F,2010,D,W,17,F,2,GL,3,0,0
06:45:00,2,A,C,A,H,A,-118.1136929,34.55806,Y,A,N,0,0,B,2014,D,H,14,F,2,GM,3,0,0
16:01:00,5,A,H,A,H,A,-118.1485001,34.1688401,N,A,N,0,0,D,2001,D,H,17,M,2,GM,3,0,0
16:01:00,5,A,H,A,H,A,-118.1485001,34.1688401,N,A,N,0,0,D,2001,D,H,35,M,2,CP,2,0,0
10:01:00,2,A,D,A,H,A,-117.99323,33.93119008,N,A,N,0,1,B,2016,D,H,30,M,1,GL,1,0,0
18:30:00,4,A,D,A,H,C,-118.1476201,34.59447011,Y,A,N,0,1,E,2014,D,H,46,F,1,GL,1,0,0
10:35:00,4,C,C,B,H,A,-118.0854641,34.14220032,N,A,N,0,1,A,2005,D,W,34,M,1,GM,1,0,0
18:30:00,4,A,D,A,H,C,-118.1476201,34.59447011,Y,A,N,0,1,E,2014,D,H,10,M,2,GM,5,0,0
18:30:00,4,A,D,A,H,C,-118.1476201,34.59447011,Y,A,N,0,1,E,2014,D,H,16,M,2,GM,3,0,0
14:05:00,7,A,B,A,H,A,-118.38779,34.20872685,N,A,N,0,1,A,2002,D,H,60,F,1,GM,1,0,0
21:20:00,5,A,D,A,H,C,-118.2397101,34.04380009,N,A,N,0,2,B,2006,D,H,43,F,2,GL,3,0,0
06:59:00,2,C,E,B,H,A,-118.13466,34.09445628,N,G,ZZ,0,1,J,2004,D,H,38,M,1,GM,1,0,0
10:40:00,7,C,C,B,H,A,-118.3079866,34.10804953,N,A,N,0,1,A,2002,D,W,58,M,2,GM,3,0,0
10:40:00,7,C,C,B,H,A,-118.3079866,34.10804953,N,A,N,0,1,A,2002,D,W,76,M,1,GL,1,0,0
09:01:00,1,B,D,A,H,A,-118.0134404,33.94865179,N,A,N,0,1,B,2016,D,W,23,M,1,GL,1,0,0
14:10:00,1,C,C,B,H,A,-118.003326,33.95376595,N,A,N,0,1,A,2002,D,H,30,F,1,GL,1,0,0
15:00:00,5,C,C,B,H,A,-118.0886907,33.90905186,N,A,ZZ,0,1,A,2014,D,H,67,M,1,GM,1,0,0
23:44:00,5,A,C,A,H,C,-118.0461875,33.96424055,Y,B,A,0,1,B,2006,D,H,47,M,1,GL,1,0,0
21:09:00,1,A,C,A,H,C,-118.0026051,33.95484329,Y,B,A,0,1,B,2008,D,H,42,M,1,GM,1,0,0
21:21:00,1,A,C,A,H,C,-118.24879,33.87551371,Y,A,F,0,1,B,2005,D,B,30,M,2,GL,2,0,0
06:50:00,1,A,D,A,H,A,-118.2179313,34.02345824,N,A,N,0,1,B,2008,D,H,24,M,1,GM,1,0,0
13:20:00,4,A,C,A,H,A,-118.4806143,34.0578508,Y,A,N,0,1,B,2005,D,H,34,M,1,GM,1,0,0
19:00:00,6,A,D,A,H,C,-118.3130401,34.04356011,N,A,N,0,2,B,2015,D,H,8,M,2,GL,4,0,0
19:00:00,6,A,D,A,H,C,-118.3130401,34.04356011,N,A,N,0,2,B,2015,D,H,3,M,2,LQ,5,0,0
19:00:00,6,A,D,A,H,C,-118.3130401,34.04356011,N,A,N,0,2,B,2015,D,H,14,F,2,GL,6,0,0
19:00:00,6,A,D,A,H,C,-118.3130401,34.04356011,N,A,N,0,2,B,2015,D,H,32,F,2,GL,3,3,0
19:00:00,6,A,D,A,H,C,-118.3130401,34.04356011,N,A,N,0,2,B,2015,D,H,34,M,1,GL,1,3,0
07:52:00,4,A,C,A,H,A,-118.0765901,34.64601006,Y,A,N,0,1,B,2004,D,H,65,M,1,GM,1,0,0
20:50:00,4,A,F,A,H,D,-118.0853025,34.58959132,Y,G,N,0,1,C,2006,D,W,62,M,1,GL,1,0,0
16:30:00,3,A,D,A,H,A,-118.28425,34.05586,N,A,N,0,1,B,2002,D,B,35,M,2,GM,3,0,0
22:09:00,3,C,C,B,H,C,-118.7566901,34.15944009,N,A,N,0,1,A,2017,D,W,24,M,2,GM,3,0,0
22:09:00,3,C,C,B,H,C,-118.7566901,34.15944009,N,A,N,0,1,A,2017,D,W,22,M,1,GM,1,0,0
12:00:00,6,A,D,A,H,A,-118.2430301,33.95327002,N,A,N,0,5,B,2004,D,H,6,M,2,GM,2,0,0
12:00:00,6,A,D,A,H,A,-118.2430301,33.95327002,N,A,N,0,5,B,2004,D,H,13,F,2,GM,4,0,0
12:00:00,6,A,D,A,H,A,-118.2430301,33.95327002,N,A,N,0,5,B,2004,D,H,9,M,2,GM,5,0,0
12:00:00,6,A,D,A,H,A,-118.2430301,33.95327002,N,A,N,0,5,B,2004,D,H,10,F,2,GM,6,0,0
12:00:00,6,A,D,A,H,A,-118.2430301,33.95327002,N,A,N,0,5,B,2004,D,H,31,F,2,GM,3,0,0
18:00:00,1,A,D,A,H,C,-118.41169,34.27369008,N,H,N,0,0,B,2001,D,H,27,M,2,GM,3,0,0