collision_time,day_of_week,weather_1,type_of_collision,road_surface,road_cond_1,lighting,point_x,point_y,at_fault,party_soberiety,oaf_1,party_number_killed,party_number_injured,move_pre_acc,vehicle_year,stwd_vehicle_type,race,victim_age,victim_sex,victim_role,safety_equip_used,victim_seating_postion,victim_ejected,severe_injury
17:00:00,2,A,C,A,H,A,-118.1052825,33.98758307,N,A,G,0,2,A,2005,D,H,4,M,2,GM,4,0,0
17:00:00,2,A,C,A,H,A,-118.1052825,33.98758307,N,A,G,0,2,A,2005,D,H,42,F,2,GM,3,0,0
22:30:00,1,A,D,A,H,C,-118.1512909,33.87494453,N,A,N,0,1,B,2016,D,H,39,F,1,GL,1,0,1
18:50:00,5,A,D,A,H,A,-118.4094301,34.18686007,Y,A,N,0,1,E,2008,D,H,61,F,2,GM,3,0,0
11:35:00,3,A,C,A,H,A,-118.5074072,34.22132,Y,A,N,0,1,B,2007,D,W,30,M,1,GL,1,0,0
13:05:00,2,A,B,A,H,A,-118.1553801,34.13157005,N,A,N,0,1,B,2016,D,O,44,M,1,GL,1,0,0
18:00:00,2,A,A,A,H,A,-118.1083401,33.85828007,N,A,N,0,1,B,2012,D,O,61,F,1,GL,1,0,0
20:16:00,6,A,C,A,H,A,-118.2207012,33.88120337,N,A,N,0,1,A,2004,D,B,55,M,1,GM,1,0,0
16:50:00,4,A,D,A,H,A,-118.4487501,34.20483009,Y,A,N,0,1,E,2004,D,H,50,M,1,GM,1,0,0
11:50:00,6,A,D,A,H,A,-118.1558564,33.90377,N,A,N,0,3,D,2001,D,H,45,M,2,GL,1,0,0
11:50:00,6,A,D,A,H,A,-118.1558564,33.90377,N,A,N,0,3,D,2001,D,H,998,M,2,GM,6,0,0
11:50:00,6,A,D,A,H,A,-118.1558564,33.90377,N,A,N,0,3,D,2001,D,H,12,M,2,GL,3,0,0
15:55:00,2,A,C,A,H,A,-118.3132483,33.95996,N,H,N,0,2,B,2007,D,B,8,F,2,MQ,6,0,0
15:55:00,2,A,C,A,H,A,-118.3132483,33.95996,N,H,N,0,2,B,2007,D,B,77,F,1,GM,1,0,0
07:00:00,1,A,C,A,H,A,-118.0410905,34.68996014,Y,A,ZZ,0,1,B,2006,D,W,82,M,1,GL,1,0,0
19:00:00,3,A,C,A,H,A,-118.1900978,33.97052182,N,A,N,0,1,H,2015,D,H,20,M,2,GM,3,0,0
19:00:00,3,A,C,A,H,A,-118.1900978,33.97052182,N,A,N,0,1,H,2015,D,H,57,F,1,GM,1,0,0
09:53:00,4,A,D,A,H,A,-117.96131,34.05499006,N,A,N,0,1,B,2012,D,H,29,M,1,GL,1,0,0
14:44:00,6,A,D,A,H,A,-117.9821964,34.06580109,N,A,N,0,0,B,2007,D,H,33,M,2,GM,3,0,0
13:30:00,2,A,B,A,H,A,-118.4455101,34.20482008,Y,A,N,0,1,F,2001,D,O,21,F,2,GM,3,0,0
21:00:00,5,A,D,A,H,C,-118.16879,33.88921001,N,A,N,0,1,B,2017,D,H,28,F,1,GL,1,3,0
16:15:00,6,A,C,A,H,A,-118.1826992,33.95187675,N,A,ZZ,0,2,A,2017,D,B,26,F,2,BM,3,0,0
16:15:00,6,A,C,A,H,A,-118.1826992,33.95187675,N,A,ZZ,0,2,A,2017,D,B,29,M,1,BM,1,0,0
13:20:00,6,A,B,A,H,A,-118.4017571,33.98603032,N,A,N,0,0,B,2015,D,H,24,M,2,GM,3,0,0
12:25:00,7,A,B,A,H,A,-118.4621812,34.04993752,N,A,N,0,2,B,2016,D,W,51,M,2,GM,3,0,0
12:25:00,7,A,B,A,H,A,-118.4621812,34.04993752,N,A,N,0,2,B,2016,D,W,51,M,1,GM,1,0,0
23:40:00,7,A,C,A,H,C,-118.4491667,34.27477951,N,A,N,0,2,A,2003,D,H,45,M,2,GM,3,0,0
23:40:00,7,A,C,A,H,C,-118.4491667,34.27477951,N,A,N,0,2,A,2003,D,H,61,M,1,GM,1,0,0
22:10:00,6,A,C,A,H,C,-118.098288,34.5796705,N,A,N,0,1,A,2002,D,W,18,M,2,GM,3,0,0
14:40:00,1,A,D,A,H,A,-118.4286086,34.25548412,Y,A,N,0,1,B,2009,D,H,46,M,1,GL,1,0,0
12:30:00,2,A,D,A,H,A,-118.4311601,34.20946001,N,A,N,0,1,B,2003,D,H,47,F,1,GL,1,0,0
17:35:00,1,A,D,A,H,A,-118.4699301,34.22139007,N,A,N,0,0,B,2002,D,H,30,M,2,GL,3,0,0
18:45:00,2,B,D,B,H,A,-118.3925962,34.27307015,Y,A,N,0,1,E,2011,D,H,34,F,1,GM,1,0,0
22:10:00,6,A,C,A,H,C,-118.098288,34.5796705,N,A,N,0,1,A,2002,D,W,20,M,1,GM,1,0,0
10:00:00,6,A,D,A,H,A,-118.51969,34.27214,N,A,N,0,1,B,2016,D,W,70,F,2,GM,3,0,0
14:23:00,1,A,D,A,H,A,-118.1339764,34.58473598,Y,A,N,0,2,B,2004,D,W,59,F,2,GL,3,0,0
19:40:00,7,A,B,A,H,B,-118.3560646,34.02153,N,A,N,0,1,B,2001,D,W,34,M,1,GM,1,0,0
08:20:00,2,A,D,A,H,A,-118.28292,34.03573004,Y,A,N,0,1,B,2005,D,H,37,M,1,GM,1,0,0
14:23:00,1,A,D,A,H,A,-118.1339764,34.58473598,Y,A,N,0,2,B,2004,D,W,63,M,1,GL,1,0,0
09:27:00,1,A,D,A,H,A,-118.26957,33.97469008,N,A,N,0,0,A,2013,D,H,55,F,2,GM,3,0,0
13:50:00,6,A,E,A,H,A,-118.1719899,33.80253903,Y,B,A,0,2,E,2012,D,H,39,M,2,GL,3,0,0
13:50:00,6,A,E,A,H,A,-118.1719899,33.80253903,Y,B,A,0,2,E,2012,D,H,34,M,1,GL,1,0,0
18:40:00,3,A,F,A,H,A,-118.5273301,34.23550002,N,A,N,0,2,B,2004,D,W,62,F,2,GM,3,0,0
07:30:00,1,A,C,A,H,A,-118.3882166,34.03903809,Y,A,A,0,1,B,2004,D,H,19,F,1,GM,1,0,0
18:40:00,3,A,F,A,H,A,-118.5273301,34.23550002,N,A,N,0,2,B,2004,D,W,56,M,1,GM,1,0,0
18:45:00,7,A,A,A,H,A,-118.5710501,34.22025005,Y,A,N,0,1,E,2017,D,H,44,M,1,GM,1,0,0
09:25:00,6,A,D,A,H,A,-118.50219,34.27259848,N,A,N,0,1,B,2013,D,H,38,M,1,GL,1,0,0
14:40:00,3,A,D,A,H,A,-118.5975195,34.18091852,N,A,N,0,1,B,2007,D,O,65,M,1,GM,1,0,0
07:45:00,1,A,D,A,H,A,-118.5951001,34.21986007,Y,A,N,0,0,E,2013,D,W,43,F,2,GM,3,0,0
18:05:00,1,A,C,A,H,A,-118.6185348,34.18645,N,A,N,0,1,A,2005,D,W,79,M,2,GM,3,0,0
14:05:00,3,A,D,A,H,A,-118.5709617,34.16820052,Y,A,N,0,0,B,2014,D,W,16,M,2,GM,3,0,0
09:10:00,4,A,A,A,H,A,-117.8290101,34.09950005,N,A,ZZ,0,1,B,2003,D,W,54,F,2,GL,2,0,0
14:20:00,6,A,D,A,H,A,-118.0355001,34.07395003,Y,A,ZZ,0,2,B,2005,D,H,998,F,2,HL,4,0,0
10:40:00,3,A,D,A,H,A,-118.2503401,34.03730009,N,A,N,0,1,B,2014,D,H,65,F,1,GM,1,0,0
14:10:00,6,A,E,A,H,A,-118.4374951,34.43370498,Y,B,A,0,1,C,2005,D,W,59,F,1,GM,1,0,0
16:58:00,2,A,D,A,H,A,-118.12575,33.95142006,N,A,N,0,0,A,2016,D,H,15,F,2,GM,3,0,0
14:20:00,6,A,D,A,H,A,-118.0355001,34.07395003,Y,A,ZZ,0,2,B,2005,D,H,32,F,1,HL,1,0,0
19:35:00,3,A,D,A,H,A,-118.2827101,33.99573009,N,A,N,0,1,B,2017,D,B,1,M,1,GL,1,0,0
19:45:00,1,A,C,A,H,B,-118.5703403,34.20834526,N,A,N,0,1,B,2003,D,W,73,M,1,GM,1,0,0
13:18:00,1,A,B,A,H,A,-118.1460047,33.93189702,N,A,N,0,1,B,2004,D,H,21,M,2,GM,3,0,0
20:29:00,1,A,G,A,H,C,-118.11395,33.93051008,Y,A,N,0,0,D,2001,D,H,67,F,2,GM,3,0,0
07:40:00,3,A,D,A,H,A,-117.9855701,34.04670005,Y,A,N,0,1,B,2001,D,H,34,F,2,GM,3,0,0
08:30:00,2,A,D,B,H,A,-118.1476801,34.6458101,N,A,N,0,2,B,2006,D,H,55,M,2,GM,3,0,0
08:30:00,2,A,D,B,H,A,-118.1476801,34.6458101,N,A,N,0,2,B,2006,D,H,64,M,1,GM,1,0,0
12:00:00,6,A,D,A,H,C,-118.03656,34.55818004,N,A,N,0,2,B,2002,D,H,35,F,2,GL,3,0,0
12:00:00,6,A,D,A,H,C,-118.03656,34.55818004,N,A,N,0,2,B,2002,D,H,37,M,1,GL,1,0,0
09:30:00,2,A,C,A,H,A,-118.042445,34.05075327,N,A,N,0,1,B,2002,D,H,26,M,2,GM,3,0,0
09:30:00,2,A,C,A,H,A,-118.042445,34.05075327,N,A,N,0,1,B,2002,D,H,35,F,1,GM,1,0,0
23:20:00,6,B,B,B,H,C,-118.429513,33.99688836,Y,B,A,0,1,B,2004,D,W,54,M,1,BM,1,0,0
16:20:00,6,A,A,A,H,A,-118.28871,34.11307,N,A,N,0,2,B,2003,D,O,28,M,2,GL,3,0,0
16:20:00,6,A,A,A,H,A,-118.28871,34.11307,N,A,N,0,2,B,2003,D,O,52,M,1,GL,1,0,0
10:42:00,2,A,C,A,H,A,-118.2845593,34.11241624,Y,A,N,0,1,B,2006,D,H,37,M,1,GL,1,0,0
05:30:00,3,A,E,A,H,A,-118.3472568,33.96986453,Y,A,N,0,1,B,2011,D,B,58,M,1,HL,1,0,0
10:45:00,2,B,D,A,H,A,-117.9986442,34.05699498,Y,A,N,0,1,L,2001,D,H,23,M,2,GM,6,0,0
10:45:00,2,B,D,A,H,A,-117.9986442,34.05699498,Y,A,N,0,1,L,2001,D,H,51,M,2,GM,4,0,0
17:55:00,2,A,C,A,H,A,-117.91891,34.001612,N,A,N,0,1,D,2006,D,A,59,M,1,GM,1,0,0
07:30:00,4,A,A,A,H,A,-118.25845,34.04165005,N,A,N,0,0,B,2016,D,H,70,M,2,GM,3,0,0
08:35:00,5,A,C,A,H,A,-118.2552883,33.80838205,N,A,N,0,1,H,2011,D,H,29,M,2,GM,3,0,0
08:35:00,5,A,C,A,H,A,-118.2552883,33.80838205,N,A,N,0,1,H,2011,D,H,38,M,1,GM,1,0,0
11:02:00,4,B,B,A,H,A,-118.153546,34.660278,Y,A,N,0,1,E,2014,D,W,63,M,1,GM,1,0,0
20:54:00,4,A,D,A,H,C,-118.1036901,34.68956005,Y,A,N,0,1,E,2009,D,W,49,M,2,GM,3,0,0
16:55:00,2,A,B,A,H,A,-118.525182,34.03126325,Y,A,N,0,1,N,2004,D,H,49,M,1,GM,1,0,0
17:40:00,4,A,D,A,H,A,-118.25149,34.05091001,N,A,N,0,1,B,2002,D,H,46,M,1,GM,1,0,0
21:46:00,5,A,C,A,H,C,-118.1868139,33.97017039,Y,A,N,0,0,B,2014,D,H,16,M,2,GM,3,0,0
09:22:00,6,A,D,A,H,A,-118.04641,33.8660101,Y,A,N,0,0,B,2007,D,W,24,M,2,GM,3,0,0
18:00:00,4,A,C,A,H,A,-118.41159,34.00966011,N,A,N,0,1,A,2002,D,B,54,M,1,GM,1,0,0
18:30:00,4,A,A,A,H,A,-118.0534101,33.87327007,Y,A,N,0,2,B,2008,D,B,70,M,2,GM,3,0,0
18:30:00,4,A,A,A,H,A,-118.0534101,33.87327007,Y,A,N,0,2,B,2008,D,B,69,M,1,GM,1,0,0
13:55:00,3,A,C,A,H,A,-118.0110827,33.89875116,N,A,N,0,2,A,2003,D,A,56,M,1,GM,1,0,0
11:07:00,2,A,C,A,H,A,-118.16763,33.80666151,N,A,N,0,1,A,2014,D,H,63,M,1,GM,1,0,0
13:55:00,3,A,C,A,H,A,-118.0110827,33.89875116,N,A,N,0,2,A,2003,D,A,59,F,2,GM,2,0,0
14:18:00,6,A,B,A,H,A,-118.160158,33.9112699,N,A,N,0,0,A,2009,D,H,52,F,2,GM,3,0,0
13:10:00,5,A,C,A,H,A,-118.53604,34.19949202,N,A,N,0,1,A,2015,D,A,39,M,2,GM,3,0,0
03:00:00,4,A,E,A,H,C,-118.59294,34.25690532,Y,B,A,0,2,B,2005,D,H,50,M,2,GL,4,0,0
03:00:00,4,A,E,A,H,C,-118.59294,34.25690532,Y,B,A,0,2,B,2005,D,H,28,M,1,GL,1,0,0
13:35:00,1,A,A,A,H,A,-118.2477601,34.05311009,Y,A,N,0,1,E,2008,D,W,45,M,1,GL,1,0,0
14:02:00,5,A,D,A,H,A,-118.5018909,34.01638626,N,A,N,0,0,B,2004,D,H,36,M,2,GM,3,0,0
14:02:00,5,A,D,A,H,A,-118.5018909,34.01638626,N,A,N,0,0,B,2004,D,H,43,M,2,GP,6,0,0
10:05:00,1,A,D,A,H,A,-118.45533,34.22149005,N,A,N,0,1,B,2005,D,H,50,F,1,GM,1,0,0
16:55:00,5,A,C,A,H,A,-118.5906495,34.19377,N,A,N,0,1,A,2008,D,H,61,M,1,GM,1,0,0
10:15:00,4,A,D,A,H,A,-118.63206,34.17192006,N,A,N,0,1,B,2004,D,W,70,F,1,GM,1,0,0
20:40:00,2,A,D,A,H,C,-118.5025101,34.23572005,N,A,N,0,1,E,2015,D,O,27,M,1,GM,1,0,0
12:45:00,5,A,D,A,H,A,-118.4664584,34.18903602,N,A,N,0,0,B,2015,D,W,20,F,2,GM,3,0,0
15:46:00,3,A,B,A,H,A,-118.3080184,33.78946568,N,A,N,0,1,H,2011,D,O,20,M,2,GM,3,0,0
15:46:00,3,A,B,A,H,A,-118.3080184,33.78946568,N,A,N,0,1,H,2011,D,O,18,M,1,GM,1,0,0
16:00:00,7,A,C,A,H,A,-118.5621414,34.22035,Y,B,A,0,1,B,2004,D,H,29,M,1,GM,1,0,0
19:45:00,6,A,C,A,H,B,-118.5024139,34.24679455,N,A,N,0,1,A,2006,D,H,50,M,1,GM,1,0,0
12:58:00,5,A,D,A,H,A,-118.03268,33.9745429,Y,A,N,0,0,E,2010,D,H,9,F,2,GL,2,0,0
16:05:00,4,A,C,A,H,A,-118.4936679,34.23569,N,A,N,0,1,A,2016,D,H,55,M,1,GL,1,0,0
16:05:00,4,A,C,A,H,A,-118.4936679,34.23569,Y,A,N,0,1,B,2014,D,W,43,M,1,GL,1,0,0
07:15:00,2,B,C,A,H,A,-118.3976301,34.19394002,N,A,N,0,1,H,2002,D,H,46,M,1,GM,1,0,0
23:55:00,4,A,D,A,H,C,-118.6712672,34.03936275,N,A,N,0,1,B,2006,D,W,71,F,2,GL,3,0,0
17:10:00,3,A,D,A,H,A,-118.3987101,34.19394005,N,A,N,0,1,E,2005,D,H,24,M,1,GM,1,0,0
17:10:00,3,A,D,A,H,A,-118.3987101,34.19394005,Y,A,N,0,1,B,2005,D,W,18,F,2,GL,3,0,0
17:10:00,3,A,D,A,H,A,-118.3987101,34.19394005,Y,A,N,0,1,B,2005,D,W,20,M,1,GL,1,0,0
08:25:00,7,A,E,A,H,A,-118.5768323,34.27116596,Y,B,A,0,1,C,2016,D,W,63,M,1,GL,1,0,0
06:50:00,2,A,D,A,H,A,-118.42254,34.20120004,N,A,N,0,1,B,2016,D,W,49,M,1,GL,1,0,0
10:05:00,1,A,B,A,H,C,-118.5360401,34.19930001,N,A,A,0,2,B,2004,D,W,32,M,2,GL,3,0,0
10:05:00,1,A,B,A,H,C,-118.5360401,34.19930001,N,A,A,0,2,B,2004,D,W,33,F,1,GL,1,0,0
16:00:00,6,A,C,A,H,A,-118.403807,34.18667484,Y,A,N,0,0,J,2002,D,H,11,M,2,GM,3,0,0
04:02:00,6,A,D,A,H,C,-117.74167,34.06512002,Y,A,N,0,1,B,2005,D,H,19,M,1,GL,1,0,0
15:00:00,1,A,C,A,H,A,-117.99503,34.13285368,Y,A,A,0,0,B,2004,D,B,4,F,2,PQ,6,0,0
21:35:00,5,A,D,A,H,A,-118.01176,33.91129009,N,A,N,0,2,B,2002,D,W,27,F,2,GL,3,0,0
21:35:00,5,A,D,A,H,A,-118.01176,33.91129009,N,A,N,0,2,B,2002,D,W,30,M,1,GL,1,0,0
17:42:00,2,A,C,A,H,A,-118.0220011,33.89382418,N,A,N,0,1,B,2005,D,H,67,F,2,GM,3,0,0
17:42:00,2,A,C,A,H,A,-118.0220011,33.89382418,N,A,N,0,1,B,2005,D,H,44,M,2,GM,4,0,0
16:30:00,5,A,C,A,H,A,-118.00946,34.13373004,Y,A,N,0,1,B,2011,D,W,26,M,1,GL,1,0,0
19:25:00,5,A,D,A,H,B,-118.3308801,33.98062001,N,A,N,0,1,A,2008,D,B,53,M,1,GM,1,0,0
15:50:00,6,A,A,A,H,A,-118.31767,34.02992,Y,A,N,0,1,E,2007,D,H,51,M,1,GM,1,0,0
06:48:00,6,A,A,A,H,B,-118.06408,33.88047007,Y,A,N,0,1,E,2004,D,W,41,M,1,GL,1,0,0
08:00:00,2,A,C,A,H,A,-118.5650338,34.39486,N,A,N,0,0,A,2005,D,H,19,M,2,GM,3,0,0
14:50:00,5,A,C,A,H,A,-118.174,34.58758,N,A,N,0,0,A,2003,D,W,998,F,2,GM,3,0,0
14:50:00,5,A,C,A,H,A,-118.174,34.58758,N,A,N,0,0,A,2014,D,H,14,M,2,GM,3,0,0
16:51:00,2,A,C,A,H,A,-118.3614154,34.06722548,N,A,N,0,1,A,2003,D,W,34,F,1,GM,1,0,0
13:06:00,1,A,E,A,H,C,-118.0612259,33.99278055,Y,A,N,0,1,C,2015,D,H,20,M,2,GL,3,0,0
13:06:00,1,A,E,A,H,C,-118.0612259,33.99278055,Y,A,N,0,1,C,2015,D,H,22,F,1,GL,1,0,0
11:45:00,3,A,D,A,H,A,-118.4637938,34.15214249,N,A,N,0,1,L,2003,D,H,46,M,1,GM,1,0,0
14:50:00,3,A,B,A,H,A,-118.4399701,34.20122005,N,A,N,0,1,B,2004,D,W,33,M,1,GM,1,0,0
08:00:00,6,A,D,A,H,A,-118.2709001,34.02360001,Y,A,N,0,1,B,2004,D,H,24,M,1,GL,1,0,0
12:30:00,4,A,D,A,H,A,-118.3462101,34.06900008,Y,A,N,0,1,E,2001,D,O,49,M,1,LM,1,0,0
16:48:00,3,A,A,A,H,A,-118.483,34.13192,N,A,ZZ,0,1,B,2002,D,H,19,M,1,GM,1,0,0
04:00:00,6,A,C,A,H,C,-118.13396,33.88326341,Y,A,N,0,1,B,2001,D,H,30,M,2,BP,3,0,0
20:00:00,5,A,D,A,H,C,-118.2673501,33.96738006,N,A,N,0,1,B,2001,D,H,66,M,1,GM,1,0,0
20:00:00,5,A,D,A,H,C,-118.2673501,33.96738006,N,A,N,0,1,B,2001,D,H,29,F,2,GM,3,0,0
22:51:00,3,A,D,A,H,C,-118.13215,33.95062765,N,A,N,0,1,J,2015,D,H,20,M,1,GM,1,0,0
13:05:00,3,A,C,A,H,A,-118.466387,34.21794375,N,A,N,0,1,A,2006,D,H,36,M,1,GM,1,0,0
13:50:00,6,A,G,A,H,A,-118.4719919,34.23301709,N,A,A,0,0,G,2013,D,H,49,F,2,GM,3,0,0
02:47:00,7,A,E,A,H,C,-118.09962,33.85458823,Y,A,N,0,1,B,2001,D,W,47,M,1,GL,1,0,1
12:53:00,2,A,B,A,H,A,-118.2265698,33.98356057,Y,A,N,0,0,E,2005,D,H,16,M,2,GM,3,0,0
09:14:00,6,A,D,A,H,A,-117.7681948,34.06192235,N,A,N,0,0,B,2009,D,H,13,F,2,GM,6,3,0
09:14:00,6,A,D,A,H,A,-117.7681948,34.06192235,N,A,N,0,0,B,2009,D,H,16,M,2,GM,2,3,0
09:14:00,6,A,D,A,H,A,-117.7681948,34.06192235,N,A,N,0,0,B,2009,D,H,40,F,2,GM,3,3,0
15:20:00,7,A,D,A,H,A,-118.0514045,33.94212093,N,A,N,0,1,B,2002,D,H,18,M,2,GM,3,0,0
13:35:00,1,A,C,A,H,A,-118.0583846,33.95131397,N,A,N,0,2,H,2005,D,W,65,F,2,GM,3,0,0
13:35:00,1,A,C,A,H,A,-118.0583846,33.95131397,N,A,N,0,2,H,2005,D,W,67,M,1,GM,1,0,0
13:50:00,6,A,C,A,H,A,-118.317652,34.022915,N,A,N,0,4,A,2003,D,B,85,F,2,GM,3,0,0
20:05:00,7,A,E,A,H,C,-118.1381029,33.85382961,Y,B,A,0,2,B,2008,D,H,20,F,1,GL,1,0,0
20:05:00,7,A,E,A,H,C,-118.1381029,33.85382961,Y,B,A,0,2,B,2008,D,H,20,F,2,GL,3,0,0
09:50:00,7,A,C,A,H,A,-118.3005074,33.78380114,Y,A,N,0,1,H,2017,D,H,48,M,1,GM,1,0,0
11:05:00,1,A,A,A,H,A,-118.2365101,33.88017009,Y,G,N,0,1,E,2006,D,H,9,F,2,GP,4,0,0
11:05:00,1,A,A,A,H,A,-118.2365101,33.88017009,Y,G,N,0,1,E,2006,D,H,16,F,2,GP,6,0,0
11:05:00,1,A,A,A,H,A,-118.2365101,33.88017009,Y,G,N,0,1,E,2006,D,H,14,M,2,GL,3,0,0
13:15:00,7,A,D,A,H,A,-118.1775701,33.90359011,N,A,N,0,2,A,2014,D,H,20,F,1,CM,1,0,0
17:00:00,1,A,D,A,H,A,-118.3645601,34.0369301,N,A,N,0,1,B,2003,D,H,42,F,2,FM,3,0,0
23:20:00,3,A,D,A,H,C,-118.4457101,34.03161011,Y,A,N,0,1,B,2017,D,H,52,M,1,GL,1,0,0
09:30:00,1,A,H,A,H,A,-118.40679,34.12857002,Y,A,N,0,0,E,2002,D,H,25,M,2,GM,3,0,0
09:30:00,1,A,H,A,H,A,-118.40679,34.12857002,Y,A,N,0,0,E,2002,D,H,26,M,2,GM,2,0,0
09:45:00,2,A,D,A,H,A,-118.08588,34.69701011,Y,A,N,0,0,B,2016,D,H,19,M,2,GM,3,0,0
12:20:00,3,A,C,A,H,A,-118.3761701,34.05334003,N,G,N,0,1,K,2016,D,O,32,M,1,GM,1,0,0
13:50:00,6,A,C,A,H,A,-118.317652,34.022915,N,A,N,0,4,A,2003,D,B,66,F,2,GM,6,0,0
13:50:00,6,A,C,A,H,A,-118.317652,34.022915,N,A,N,0,4,A,2003,D,B,60,F,2,GM,4,0,0
13:50:00,6,A,C,A,H,A,-118.317652,34.022915,N,A,N,0,4,A,2003,D,B,57,M,1,GM,1,0,0
11:10:00,1,A,D,A,H,A,-118.3002,34.02097009,N,A,N,0,1,B,2003,D,H,66,F,1,GM,1,0,0
17:33:00,7,A,A,A,H,A,-118.1569456,33.92272034,Y,A,N,0,1,B,2011,D,H,26,M,1,GL,1,0,0
14:55:00,1,A,D,A,H,A,-118.2764101,34.08872001,N,A,A,0,0,G,2005,D,H,14,F,2,GM,6,0,0
14:55:00,1,A,D,A,H,A,-118.2764101,34.08872001,N,A,A,0,0,G,2005,D,H,14,F,2,GM,5,0,0
14:55:00,1,A,D,A,H,A,-118.2764101,34.08872001,N,A,A,0,0,G,2005,D,H,8,M,2,GM,4,0,0
14:55:00,1,A,D,A,H,A,-118.2764101,34.08872001,N,A,A,0,0,G,2005,D,H,13,M,2,GM,3,0,0
14:55:00,1,A,D,A,H,A,-118.2764101,34.08872001,N,A,A,0,0,G,2005,D,H,37,F,2,GM,2,0,0
12:10:00,3,A,C,A,H,A,-118.204368,34.0223407,Y,A,N,0,0,B,2014,D,H,9,F,2,GM,4,0,0
12:10:00,3,A,C,A,H,A,-118.204368,34.0223407,Y,A,N,0,0,B,2014,D,H,46,F,2,GM,3,0,0
14:20:00,6,A,D,A,H,A,-118.13294,34.00044008,Y,A,ZZ,0,0,B,2004,D,H,52,F,2,GM,3,0,0
11:13:00,5,A,D,A,H,A,-118.1294801,33.94628004,N,A,N,0,1,B,2003,D,W,86,F,2,GM,3,0,0
06:31:00,7,A,B,A,H,A,-118.0267601,34.04827005,Y,A,N,0,1,B,2011,D,H,20,M,1,GL,1,0,0
03:30:00,6,A,C,A,H,C,-118.2483781,34.04888323,N,A,N,0,0,A,2016,D,H,19,F,2,HM,6,0,0
03:30:00,6,A,C,A,H,C,-118.2483781,34.04888323,N,A,N,0,0,A,2016,D,H,26,M,2,HM,5,0,0
22:00:00,6,A,E,A,H,C,-118.0934212,34.06265,Y,B,A,0,1,B,2001,D,H,17,M,2,GM,6,0,0
22:00:00,6,A,E,A,H,C,-118.0934212,34.06265,Y,B,A,0,1,B,2001,D,H,18,M,2,GL,3,0,0
04:10:00,5,A,C,A,H,C,-118.3089306,33.97457,N,A,N,0,1,A,2013,D,H,29,M,1,GM,1,0,0
11:13:00,5,A,D,A,H,A,-118.1294801,33.94628004,N,A,N,0,1,B,2003,D,W,63,M,1,GM,1,0,0
14:59:00,6,A,C,A,H,A,-118.3463423,34.09071237,N,A,A,0,1,H,2015,D,W,56,F,2,GM,3,0,0
16:18:00,3,A,D,A,H,A,-118.1287601,33.9097501,N,A,N,0,1,B,2001,D,H,54,F,2,GM,3,0,0
21:05:00,5,B,E,A,H,C,-118.3699801,33.97905006,Y,B,A,0,2,B,2005,D,B,998,M,2,BL,6,0,0
21:05:00,5,B,E,A,H,C,-118.3699801,33.97905006,Y,B,A,0,2,B,2005,D,B,998,M,2,BL,4,0,0
21:05:00,5,B,E,A,H,C,-118.3699801,33.97905006,Y,B,A,0,2,B,2005,D,B,998,M,2,BL,3,0,0
21:05:00,5,B,E,A,H,C,-118.3699801,33.97905006,Y,B,A,0,2,B,2005,D,B,55,M,1,GL,1,0,0
21:05:00,5,B,E,A,H,C,-118.3699801,33.97905006,Y,B,A,0,2,B,2005,D,B,53,M,2,CL,5,0,0
16:34:00,5,A,D,A,H,A,-118.1763101,33.81168011,N,A,N,0,1,B,2016,D,H,18,M,1,GM,1,0,0
13:30:00,7,A,D,A,H,A,-118.30467,33.95452007,N,A,N,0,1,B,2011,D,B,48,F,2,GM,3,0,0
16:06:00,7,A,B,A,H,A,-118.3391389,33.9055634,N,A,N,0,1,A,2008,D,H,23,F,1,GM,1,0,0
12:20:00,6,A,A,A,H,A,-117.85487,34.03992006,Y,A,N,0,1,B,2006,D,H,20,M,2,GM,6,0,0
12:20:00,6,A,A,A,H,A,-117.85487,34.03992006,Y,A,N,0,1,B,2006,D,H,17,F,2,GL,3,0,0
12:20:00,6,A,A,A,H,A,-117.85487,34.03992006,Y,A,N,0,1,B,2006,D,H,20,F,1,GL,1,0,0
22:50:00,6,A,A,A,H,C,-118.4140572,34.27196583,N,C,N,0,1,B,2009,D,H,54,M,1,CL,1,0,0
11:53:00,3,B,D,A,H,A,-118.126088,33.93653433,Y,A,N,0,0,E,2012,D,H,2,M,2,MQ,5,0,0
17:14:00,2,A,B,A,H,A,-118.364273,33.95270733,Y,C,A,0,1,B,2014,D,H,27,M,1,BL,1,0,1
11:53:00,3,B,D,A,H,A,-118.126088,33.93653433,Y,A,N,0,0,E,2012,D,H,13,M,2,GM,3,0,0
16:01:00,5,A,C,A,H,A,-118.5623,34.23548004,Y,A,A,0,1,B,2005,D,W,83,F,2,GL,3,0,0
16:01:00,5,A,C,A,H,A,-118.5623,34.23548004,Y,A,A,0,1,B,2005,D,W,87,M,1,GL,1,0,0
13:20:00,1,A,D,A,H,A,-118.5403831,34.22823956,N,A,ZZ,0,1,B,2001,D,H,66,F,2,GL,3,0,0
12:03:00,4,A,D,A,H,A,-118.5765852,34.20835001,Y,A,N,0,0,F,2004,D,H,19,F,2,GM,3,0,0