collision_time,day_of_week,weather_1,type_of_collision,road_surface,road_cond_1,lighting,point_x,point_y,at_fault,party_soberiety,oaf_1,party_number_killed,party_number_injured,move_pre_acc,vehicle_year,stwd_vehicle_type,race,victim_age,victim_sex,victim_role,safety_equip_used,victim_seating_postion,victim_ejected,severe_injury
18:01:00,1,A,H,A,H,C,-118.6059101,34.1937501,N,A,N,0,1,B,2014,D,W,30,M,1,GM,1,0,0
12:20:00,5,A,B,A,H,A,-118.4949753,34.22028694,Y,H,N,0,1,B,2007,D,W,47,M,1,GM,1,0,0
07:00:00,2,A,D,A,H,A,-118.2775557,34.01241721,N,A,N,0,0,B,2010,D,W,22,M,2,GM,3,0,0
14:00:00,4,A,A,A,H,A,-118.2916201,34.05255006,N,A,N,0,1,B,2003,D,W,54,M,1,GM,1,0,0
13:02:00,7,A,C,A,H,A,-117.7288222,34.10698078,N,A,N,0,0,A,2011,D,W,69,F,2,GM,3,0,0
18:50:00,4,A,C,A,H,C,-118.2704301,34.0111601,N,A,N,0,2,A,2002,D,H,30,M,2,GM,3,0,0
18:50:00,4,A,C,A,H,C,-118.2704301,34.0111601,N,A,N,0,2,A,2002,D,H,35,M,1,GM,1,0,0
06:11:00,1,A,D,A,H,C,-118.3598201,33.82622007,N,A,N,0,1,B,2017,D,H,24,M,1,GL,1,0,0
18:00:00,4,A,B,A,H,A,-118.0658601,33.8316301,Y,A,N,0,1,B,2012,D,W,50,F,1,GL,1,0,0
19:16:00,2,A,D,A,H,A,-118.21332,33.94735005,N,A,ZZ,0,2,B,2010,D,H,16,M,2,GM,2,0,0
19:16:00,2,A,D,A,H,A,-118.21332,33.94735005,N,A,ZZ,0,2,B,2010,D,H,21,F,2,GM,3,0,0
20:08:00,3,A,D,A,H,C,-118.2202901,33.95562004,N,A,N,0,1,B,2001,D,H,56,M,1,GM,1,0,0
18:29:00,2,A,C,A,H,C,-118.3876844,33.91647,Y,A,F,0,0,B,2009,D,H,21,M,2,GM,3,0,0
22:40:00,6,A,A,A,H,C,-118.3125877,33.72934624,Y,A,N,0,1,B,2006,D,W,23,M,1,GL,1,0,0
16:00:00,3,A,A,A,H,A,-118.7761674,34.02582153,N,A,N,0,1,B,2017,D,W,58,M,1,GL,1,0,0
17:35:00,1,A,A,A,H,C,-118.4496901,34.30761007,Y,A,ZZ,0,0,E,2017,D,H,42,M,2,GM,3,0,0
11:45:00,3,A,C,A,H,A,-118.2830319,33.89226773,N,A,N,0,3,A,2005,D,B,81,F,2,GM,3,0,0
18:00:00,3,A,C,A,D,C,-118.3222058,33.94547,N,A,N,0,2,A,2015,D,B,53,M,1,GM,1,0,0
18:00:00,3,A,C,A,D,C,-118.3222058,33.94547,N,A,N,0,2,A,2015,D,B,50,F,2,GM,3,0,0
18:04:00,3,B,C,B,H,C,-118.366149,33.97695223,N,A,N,0,1,A,2007,D,H,10,F,2,GM,4,0,0
18:04:00,3,B,C,B,H,C,-118.366149,33.97695223,N,A,N,0,1,A,2007,D,H,11,F,2,GM,3,0,0
18:04:00,3,B,C,B,H,C,-118.366149,33.97695223,N,A,N,0,1,A,2007,D,H,59,F,1,GM,1,0,0
18:40:00,7,F,D,A,H,C,-117.9284801,34.00953007,Y,A,N,0,0,L,2002,D,H,2,F,2,MQ,6,0,0
18:40:00,7,F,D,A,H,C,-117.9284801,34.00953007,Y,A,N,0,0,L,2002,D,H,4,F,2,MQ,4,0,0
18:40:00,7,F,D,A,H,C,-117.9284801,34.00953007,Y,A,N,0,0,L,2002,D,H,42,F,2,GM,3,0,0
11:45:00,3,A,C,A,H,A,-118.2830319,33.89226773,N,A,N,0,3,A,2005,D,B,32,F,2,GM,4,0,0
11:45:00,3,A,C,A,H,A,-118.2830319,33.89226773,N,A,N,0,3,A,2005,D,B,56,F,2,GM,6,0,0
17:25:00,6,A,C,A,H,C,-118.15988,33.84774323,N,A,N,0,1,A,2015,D,W,56,F,2,GM,3,0,0
03:30:00,3,A,C,A,H,C,-118.1580501,33.98537008,N,A,N,0,1,B,2007,D,H,48,M,1,GL,1,0,0
09:50:00,6,A,D,A,H,A,-118.1742501,33.98601002,N,A,N,0,1,B,2007,D,H,20,M,1,GM,1,3,0
20:10:00,7,A,G,A,H,C,-117.9735409,34.13469786,Y,A,N,0,1,G,2004,D,H,67,M,1,HM,1,0,0
14:00:00,5,A,B,A,H,A,-118.2322301,34.02869008,N,A,N,0,1,B,2018,D,W,30,M,1,GM,1,0,0
07:23:00,2,A,C,A,H,A,-117.96664,34.10999006,N,A,N,0,1,B,2016,D,H,41,M,2,BG,3,0,0
07:23:00,2,A,C,A,H,A,-117.96664,34.10999006,N,A,N,0,1,B,2016,D,H,29,M,1,BG,1,0,0
05:08:00,5,A,D,A,H,C,-118.07211,33.84545093,Y,B,A,0,1,B,2007,D,W,23,M,1,BM,1,0,0
21:41:00,6,A,G,A,H,C,-118.31787,33.89445156,N,A,N,0,0,B,2001,D,A,8,M,2,MQ,6,0,0
21:41:00,6,A,G,A,H,C,-118.31787,33.89445156,N,A,N,0,0,B,2001,D,A,12,M,2,GM,5,0,0
21:41:00,6,A,G,A,H,C,-118.31787,33.89445156,N,A,N,0,0,B,2001,D,A,10,F,2,GM,4,0,0
12:30:00,7,A,D,A,H,A,-118.3702001,33.97500012,N,A,N,0,0,E,2017,D,W,15,F,2,GM,6,0,0
12:30:00,7,A,D,A,H,A,-118.3702001,33.97500012,N,A,N,0,0,E,2017,D,W,70,F,2,GM,5,0,0
12:30:00,7,A,D,A,H,A,-118.3702001,33.97500012,N,A,N,0,0,E,2017,D,W,15,M,2,GM,4,0,0
12:30:00,7,A,D,A,H,A,-118.3702001,33.97500012,N,A,N,0,0,E,2017,D,W,45,F,2,GM,3,0,0
16:31:00,1,A,D,A,H,A,-117.7621706,34.1110182,Y,A,N,0,1,E,2013,D,W,17,F,1,GL,1,0,0
23:05:00,7,A,D,A,H,C,-118.2701101,33.9892301,N,A,N,0,4,B,2014,D,H,16,F,2,GN,5,0,0
23:05:00,7,A,D,A,H,C,-118.2701101,33.9892301,N,A,N,0,4,B,2014,D,H,40,M,2,GN,4,0,0
23:05:00,7,A,D,A,H,C,-118.2701101,33.9892301,N,A,N,0,4,B,2014,D,H,27,M,2,GL,3,0,0
23:05:00,7,A,D,A,H,C,-118.2701101,33.9892301,N,A,N,0,4,B,2014,D,H,27,F,1,GL,1,0,0
11:51:00,2,A,E,A,H,A,-118.326488,33.875787,Y,A,A,0,1,M,2006,D,W,55,M,1,GL,1,0,0
21:10:00,2,A,C,A,H,C,-118.0205201,34.05337008,N,A,N,0,0,E,2004,D,H,25,F,2,GM,6,0,0
21:10:00,2,A,C,A,H,C,-118.0205201,34.05337008,N,A,N,0,0,E,2004,D,H,25,M,2,GM,3,0,0
16:29:00,4,A,C,A,H,A,-117.9076534,34.1006254,N,A,N,0,1,B,2004,D,H,31,M,1,GM,1,0,0
10:35:00,6,A,F,A,H,A,-118.029453,34.176931,Y,B,M,1,0,C,2003,D,H,17,M,2,GM,6,0,0
10:35:00,6,A,F,A,H,A,-118.029453,34.176931,Y,B,M,1,0,C,2003,D,H,47,F,2,HM,3,2,1
06:03:00,7,B,B,B,H,D,-118.5700149,34.38836161,N,A,N,0,1,B,2012,D,H,45,F,2,EL,3,0,0
03:57:00,6,A,D,A,H,C,-118.1775701,33.90359011,Y,B,N,0,1,B,2002,D,H,20,M,1,GL,1,0,1
12:40:00,5,A,D,A,H,A,-118.3982001,34.02124001,Y,A,N,0,0,E,2016,D,H,21,M,2,GM,6,0,0
12:40:00,5,A,D,A,H,A,-118.3982001,34.02124001,Y,A,N,0,0,E,2016,D,H,18,M,2,GM,3,0,0
07:35:00,4,A,C,A,H,A,-118.3864802,34.02805375,Y,A,N,0,0,H,2001,D,H,998,M,2,GM,3,0,0
03:08:00,6,A,D,A,H,C,-118.1518601,34.07559007,N,A,N,0,1,B,2006,D,H,998,F,2,GM,3,0,0
13:30:00,7,A,C,A,H,A,-117.8116,34.02529,N,A,H,0,1,A,2006,D,H,52,F,2,GP,6,0,0
14:15:00,7,A,D,A,H,A,-117.95808,34.52117169,N,A,N,0,1,B,2006,D,H,24,M,1,GL,1,0,0
20:14:00,3,C,C,B,H,C,-118.3859177,34.22654283,Y,A,N,0,1,H,2012,D,H,37,F,2,GM,3,0,0
09:40:00,5,B,D,A,H,A,-118.03604,33.93295004,N,A,O,0,1,B,2010,D,W,21,F,1,GL,1,0,1
08:07:00,2,A,C,A,H,A,-118.2390007,33.97874241,N,A,N,0,2,A,2002,D,H,9,M,2,GP,4,0,0
08:07:00,2,A,C,A,H,A,-118.2390007,33.97874241,N,A,N,0,2,A,2002,D,H,38,F,2,GM,3,0,0
21:40:00,4,B,E,A,H,D,-118.6988006,34.57537535,Y,A,N,0,1,R,2014,D,W,26,M,1,GM,1,0,0
05:25:00,4,C,A,B,H,D,-118.5286484,34.52763127,N,A,N,0,1,B,2001,D,W,51,M,1,GL,1,0,0
12:40:00,7,A,B,A,H,A,-118.61854,34.48974,N,A,H,0,1,A,2002,D,W,48,F,1,GM,1,0,0
13:02:00,1,B,C,A,H,A,-117.9100561,33.99418963,N,A,N,0,1,H,2003,D,H,24,M,2,GM,3,0,0
13:40:00,2,B,C,A,H,A,-118.0966914,33.94080494,N,A,N,0,1,A,2015,D,H,31,M,1,GM,1,0,0
15:55:00,2,B,C,B,H,A,-118.0455467,33.86363175,N,A,N,0,1,A,2004,D,H,36,M,1,GM,1,0,0
08:20:00,3,B,C,B,H,A,-118.4218946,34.27782582,N,A,N,0,1,A,2016,D,H,25,M,1,HM,1,0,0
13:05:00,1,B,C,A,H,A,-118.2183689,34.03120811,N,A,N,0,2,H,2007,D,H,48,M,1,GM,1,0,0
13:05:00,1,B,C,A,H,A,-118.2183689,34.03120811,N,A,N,0,2,H,2007,D,H,36,F,2,GM,3,0,0
12:20:00,1,A,C,A,H,A,-118.30029,33.94406354,N,A,N,0,1,A,2001,D,B,77,M,1,GM,1,0,0
04:55:00,1,B,E,B,H,C,-117.8059997,34.02546914,Y,A,N,0,1,B,2008,D,H,70,M,1,GM,1,0,0
04:15:00,1,B,E,B,H,D,-118.4061752,34.20659207,Y,A,N,0,1,R,2005,D,W,61,M,1,GL,1,0,0
19:25:00,2,B,B,B,H,D,-117.8498991,34.11770037,N,A,N,0,1,B,2014,D,H,43,M,1,GL,1,0,0
15:15:00,2,B,E,A,H,A,-118.3262141,34.15356993,Y,A,N,0,1,B,2011,D,H,22,M,1,HL,1,0,0
18:45:00,4,A,C,A,H,C,-118.2731757,33.88582446,N,A,N,0,1,A,2005,D,H,36,M,1,GM,1,0,0
19:28:00,3,B,A,B,H,D,-118.6484334,34.23961952,N,A,N,0,1,B,2014,D,W,47,M,1,GM,1,0,0
14:40:00,5,A,D,A,H,A,-118.0704801,34.14638006,Y,A,N,0,2,E,2003,D,H,14,F,2,GM,3,0,0
14:40:00,5,A,D,A,H,A,-118.0704801,34.14638006,Y,A,N,0,2,E,2003,D,H,42,F,1,GM,1,0,0
07:20:00,4,B,E,B,H,A,-118.1665294,34.14528314,Y,A,N,0,1,R,2004,D,H,22,M,1,GM,1,0,0
17:40:00,6,B,C,A,H,C,-118.2717995,33.87271618,N,A,N,0,1,A,2016,D,H,38,F,2,GM,3,0,0
05:45:00,6,C,C,B,H,A,-118.3253427,34.19020634,N,A,N,0,1,B,2006,D,H,53,M,1,GL,1,0,0
14:10:00,3,A,C,A,H,A,-118.1369603,33.87729431,N,A,N,0,2,H,2005,D,H,71,M,2,GM,3,0,0
14:10:00,3,A,C,A,H,A,-118.1369603,33.87729431,N,A,N,0,2,H,2005,D,H,35,M,1,GM,1,0,0
14:10:00,3,A,C,A,H,A,-118.1369603,33.87729431,Y,A,N,0,1,B,2017,D,H,48,M,1,GL,1,0,0
06:45:00,5,B,C,B,H,B,-118.2741762,33.87274179,N,A,N,0,1,H,2016,D,W,21,M,1,GM,1,0,0
12:30:00,5,B,C,A,H,A,-117.9861455,34.09646939,Y,G,N,0,1,B,2005,D,H,31,M,1,GL,1,0,0
22:25:00,5,A,E,A,H,C,-118.4730981,34.26588505,Y,A,N,0,1,R,2007,D,H,26,F,2,GL,3,0,0
10:25:00,5,A,C,A,H,A,-118.1035032,33.92674185,N,A,N,0,1,H,2004,D,O,53,M,1,GM,1,0,0
19:40:00,5,A,C,A,H,C,-118.0699994,34.04118399,N,A,G,0,1,A,2002,D,H,53,F,1,GM,1,0,0
12:20:00,6,B,C,A,H,A,-118.4780015,34.30146709,N,A,G,0,1,A,2002,D,H,23,F,2,GM,3,0,0
08:40:00,3,B,C,B,H,A,-118.33088,34.03544,N,G,G,0,1,A,2003,D,H,38,M,1,GM,1,0,0
17:55:00,2,A,C,A,H,D,-117.755099,34.07280336,Y,A,N,0,1,B,2006,D,W,56,F,1,GL,1,0,0
20:20:00,3,B,D,A,H,C,-118.18932,34.02828007,N,A,N,0,1,B,2001,D,H,30,F,1,GM,1,0,0
04:00:00,4,B,E,B,H,C,-118.4824671,34.30608602,N,A,N,0,1,B,2002,D,H,58,M,1,GM,1,0,0
20:15:00,5,A,C,A,H,D,-118.4529839,34.40350235,Y,B,A,0,1,B,2003,D,H,38,M,1,GL,1,0,0
09:35:00,1,A,C,A,H,A,-118.4108224,34.03049904,Y,A,N,0,1,J,2004,D,H,45,M,1,GM,1,0,0
10:25:00,3,B,C,A,D,A,-117.9821087,33.9779207,N,A,N,0,1,A,2014,D,H,25,F,1,GM,1,0,0
08:05:00,2,C,C,B,H,A,-118.39527,34.1788,N,A,N,0,1,A,2007,D,H,46,M,1,GM,1,0,0
08:45:00,6,B,B,B,H,A,-118.2388095,34.05463874,N,A,I,0,1,H,2007,D,H,30,M,1,GM,1,0,0
07:55:00,4,B,C,B,H,A,-118.0129528,34.13751945,N,A,N,0,1,A,2015,D,H,38,F,1,GM,1,0,0
17:20:00,6,A,C,A,H,C,-118.2788402,34.14530745,N,A,N,0,2,B,2007,D,H,39,F,1,GM,1,0,0
17:20:00,6,A,C,A,H,C,-118.2788402,34.14530745,N,A,N,0,2,B,2007,D,H,31,F,2,GM,3,0,0
03:40:00,7,B,C,A,H,C,-118.2075804,33.78744913,Y,A,N,0,1,B,2010,D,W,52,M,1,GL,1,0,0
06:25:00,4,B,E,B,H,B,-118.2905743,34.28825671,Y,A,N,0,1,B,2011,D,H,60,M,1,GM,1,0,0
12:25:00,2,A,B,A,H,A,-118.2801544,34.14997898,N,A,N,0,1,B,2009,D,O,59,M,1,GM,1,0,0
06:45:00,2,A,C,A,H,A,-118.1043945,33.92380792,Y,A,N,0,1,B,2012,D,H,18,M,2,HP,0,0,0
10:10:00,5,C,C,B,H,A,-117.8270601,34.62750011,Y,A,N,0,1,B,2001,D,W,53,M,1,GM,1,0,0
10:00:00,4,B,E,B,H,A,-118.29192,33.7529,Y,A,N,0,1,B,2005,D,W,39,M,1,GM,1,0,0
20:40:00,1,A,B,A,H,A,-117.8241798,34.11247571,Y,B,A,0,1,J,2006,D,H,65,M,1,HL,1,0,1
03:15:00,4,C,C,B,D,D,-117.8605215,34.06849193,N,A,N,0,1,H,2016,D,H,37,M,1,GM,1,0,0
12:35:00,3,B,C,A,H,A,-118.1928587,33.82031339,N,A,N,0,2,H,2002,D,B,34,M,2,GM,3,0,0
12:35:00,3,B,C,A,H,A,-118.1928587,33.82031339,N,A,N,0,2,H,2002,D,B,41,M,1,GM,1,0,0
20:20:00,1,A,D,A,H,C,-118.0513601,33.93173004,Y,A,N,0,1,B,2006,D,H,42,M,1,GM,1,0,0
19:15:00,2,B,C,A,H,C,-118.1720635,33.87670985,Y,A,N,0,1,B,2013,D,A,58,M,1,GL,1,0,0
15:35:00,6,A,C,A,H,A,-118.3171996,33.92563301,N,A,N,0,1,A,2005,D,H,59,M,1,GM,1,0,0
18:29:00,1,A,B,A,H,D,-118.09628,33.85832,N,A,N,0,1,B,2003,D,H,64,F,2,GM,3,0,0
09:25:00,1,B,C,B,H,A,-117.9879501,34.01991191,N,A,N,0,1,A,2014,D,H,39,M,1,GM,1,0,0
14:21:00,2,A,C,A,H,A,-118.5713,34.17168,Y,A,N,0,1,A,2005,D,W,72,M,1,GM,1,0,0
09:00:00,1,A,D,A,H,A,-118.37005,33.94313357,N,A,N,0,1,E,2006,D,W,55,M,1,GM,1,0,0
15:35:00,3,A,B,A,H,A,-118.5709512,34.38160371,Y,A,N,0,1,J,2009,D,W,59,F,2,GM,3,0,0
18:05:00,4,B,D,A,H,D,-117.8359,34.62379001,Y,A,N,0,1,B,2015,D,H,50,M,1,GL,1,0,0
13:00:00,2,B,E,A,H,D,-118.4692939,34.39446694,Y,B,A,0,1,B,2008,D,W,24,M,1,GP,1,0,1
17:45:00,2,A,D,A,H,C,-118.2417,33.82593,N,A,N,0,1,B,2006,D,H,37,F,1,GM,1,0,0
20:32:00,5,B,C,B,H,C,-118.58751,34.16836,N,A,N,0,1,B,2016,D,W,23,M,1,GM,1,0,0
08:05:00,4,C,C,B,H,A,-118.4365046,34.25818463,N,A,N,0,1,A,2008,D,O,67,M,1,GM,1,0,0
08:30:00,1,C,F,B,H,A,-118.0622733,34.64602338,Y,A,N,0,1,C,2004,D,H,30,M,1,HM,1,1,0
18:02:00,1,A,D,A,H,A,-118.2351953,33.86084345,Y,A,N,0,1,F,2003,D,B,59,M,1,GM,1,0,0
15:20:00,4,B,D,B,H,A,-118.2822651,33.74926066,N,A,N,0,1,B,2005,D,W,48,M,1,GM,1,0,0
09:25:00,5,B,E,B,H,A,-118.4425644,34.41639932,Y,A,N,0,1,B,2016,D,H,34,F,1,GM,1,0,0
04:07:00,1,A,E,A,H,D,-117.9415439,34.12926642,Y,G,N,0,1,R,2006,D,H,34,M,1,BL,1,0,0
11:10:00,6,A,E,C,H,A,-118.0349029,34.2738314,Y,A,N,0,1,C,2010,D,H,51,F,2,GL,3,0,0
22:35:00,7,A,C,A,H,C,-118.225557,33.97425136,N,A,N,0,2,H,2009,D,H,32,M,1,GM,1,0,0
22:35:00,7,A,C,A,H,C,-118.225557,33.97425136,N,A,N,0,2,H,2009,D,H,54,F,2,GM,3,0,0
23:00:00,1,B,E,B,H,D,-118.1502777,34.06867296,Y,A,N,0,1,B,2006,D,A,68,M,1,GL,1,0,0
14:45:00,5,C,C,B,H,A,-118.28029,34.01859,Y,A,N,0,1,H,2012,D,H,78,F,2,GL,3,0,0
12:00:00,7,B,E,B,H,A,-118.7558821,34.66032211,Y,A,N,0,1,B,2003,D,H,68,F,2,GM,3,0,0
11:45:00,5,C,B,B,H,A,-118.2768829,34.13921139,Y,A,N,0,2,R,2015,D,H,18,F,2,GM,3,0,0
11:45:00,5,C,B,B,H,A,-118.2768829,34.13921139,Y,A,N,0,2,R,2015,D,H,46,M,1,GM,1,0,0
06:55:00,1,A,C,A,H,A,-118.0892977,33.93067152,N,A,N,0,1,B,2003,D,H,34,M,1,GM,1,0,0
12:15:00,5,B,E,B,H,A,-118.4901446,34.3808262,Y,A,N,0,1,B,2001,D,H,31,F,1,GL,1,0,0
08:15:00,7,B,C,B,H,A,-118.2020774,33.87280627,N,A,N,0,1,B,2010,D,W,52,M,1,GL,1,0,0
16:54:00,4,A,C,A,H,A,-118.2843797,33.79447937,N,A,N,0,2,H,2004,D,H,998,M,2,GL,3,0,0
16:54:00,4,A,C,A,H,A,-118.2843797,33.79447937,N,A,N,0,2,H,2004,D,H,47,M,1,GL,1,0,0
08:40:00,3,A,C,A,H,A,-118.4384311,34.26774721,Y,A,N,0,1,B,2012,D,W,34,M,1,GM,1,0,0
14:24:00,3,A,C,A,H,A,-118.0024734,34.0285835,N,A,N,0,1,A,2006,D,H,27,M,1,GM,1,0,0
05:45:00,4,C,E,B,H,D,-118.79761,34.05335827,Y,A,N,0,1,B,2004,D,H,24,M,1,GM,1,0,0
07:25:00,7,C,F,B,H,B,-118.7343125,34.14180242,Y,A,N,0,1,B,2003,D,H,31,F,1,GM,1,0,0
17:00:00,2,A,C,A,H,B,-118.0152369,34.13873121,N,A,N,0,1,A,2016,D,H,51,M,1,GM,1,0,0
08:05:00,3,A,D,A,H,A,-118.2465601,33.98569001,N,A,N,0,1,B,2001,D,H,25,M,1,GM,1,0,0
17:55:00,1,B,C,B,H,C,-118.2447405,34.05844567,Y,A,N,0,1,B,2014,D,A,72,M,1,GM,1,0,0
09:45:00,5,B,E,B,H,A,-118.3422706,34.20544231,Y,A,N,0,1,B,2005,D,O,62,F,2,GL,3,0,0
07:54:00,3,A,D,A,H,A,-118.2477101,33.98002011,N,A,N,0,1,B,2003,D,H,62,M,1,GL,1,0,0
14:35:00,7,B,E,B,H,A,-118.7396723,34.63525385,Y,A,K,0,1,B,2010,D,A,56,M,1,GL,1,0,0
20:05:00,6,A,C,A,H,C,-118.2806237,33.98559023,N,A,N,0,1,A,2003,D,B,49,M,2,GP,6,0,0
15:05:00,6,A,E,A,H,A,-118.425543,34.30501925,Y,A,N,0,2,R,2002,D,H,60,F,2,GM,3,0,0
07:20:00,3,A,C,A,H,A,-118.2495952,33.8735714,Y,A,N,0,1,B,2001,D,H,70,M,1,GL,1,0,0
08:40:00,1,A,C,A,H,A,-118.2944133,34.23476374,N,A,N,0,1,A,2011,D,W,72,M,1,GM,1,0,0
15:05:00,6,A,E,A,H,A,-118.425543,34.30501925,Y,A,N,0,2,R,2002,D,H,68,M,1,GM,1,0,0
20:05:00,7,B,E,A,H,C,-117.874297,33.99559903,Y,B,A,0,1,R,2011,D,A,32,M,1,GL,1,0,0
15:40:00,5,A,C,A,H,A,-118.0813154,33.81760167,Y,A,N,0,1,B,2001,D,H,35,M,1,GM,1,0,0
10:45:00,5,C,E,B,F,A,-118.2495019,34.10845899,Y,A,N,0,1,R,2005,D,O,27,M,1,GM,1,0,0
15:40:00,7,B,B,B,H,A,-118.4896203,34.38128172,N,A,N,0,2,B,2008,D,H,24,M,1,GM,1,0,0
11:45:00,1,A,C,A,H,A,-118.1403616,33.87724501,N,A,N,0,1,H,2005,D,A,60,M,1,GL,1,0,0
16:00:00,4,A,C,A,H,A,-118.2874223,33.81529969,Y,A,N,0,1,B,2005,D,H,29,M,1,GM,1,0,0
15:40:00,7,B,B,B,H,A,-118.4896203,34.38128172,N,A,N,0,2,B,2008,D,H,34,F,2,GM,3,0,0
14:30:00,7,B,E,A,H,A,-118.5807875,34.41867362,Y,A,N,0,1,B,2011,D,W,42,M,1,GL,1,0,0
18:40:00,4,A,C,A,H,C,-118.1145488,34.07190901,N,A,G,0,1,H,2003,D,A,64,M,1,GM,1,0,0
12:50:00,1,A,E,A,H,A,-118.46807,34.29165,Y,A,N,0,1,J,2006,D,H,45,M,1,GP,1,0,0
06:05:00,1,C,E,B,H,B,-118.1935743,34.03086685,Y,A,N,0,1,R,2006,D,H,45,F,1,GL,1,0,0
13:05:00,4,A,C,A,H,A,-117.9857491,34.0978896,N,A,N,0,1,A,2004,D,H,51,M,1,GM,1,0,0
10:07:00,6,A,B,A,H,A,-117.8461164,34.10673,N,A,N,0,1,A,2002,D,H,40,M,1,GM,1,0,0
06:30:00,2,A,C,A,H,A,-118.266604,33.87331985,Y,A,N,0,1,J,2007,D,W,64,M,1,GL,1,0,0
08:45:00,5,B,E,B,H,A,-118.0044005,34.13540664,Y,A,L,0,1,B,2003,D,H,19,F,2,GP,2,0,0
13:40:00,3,A,C,A,H,A,-118.1143226,34.55806,N,A,N,0,1,H,2016,D,H,19,F,2,GM,2,0,0
10:50:00,2,B,C,B,H,A,-118.0378156,34.02728706,N,A,N,0,1,A,2004,D,H,69,M,2,GM,3,0,0
08:00:00,4,A,C,A,H,A,-118.2068772,33.82057959,Y,A,N,0,1,B,2009,D,O,65,M,1,GL,1,0,0
19:15:00,2,B,C,A,H,C,-117.9691493,34.00846976,N,A,N,0,3,A,2009,D,H,59,M,2,GP,6,0,0
19:15:00,2,B,C,A,H,C,-117.9691493,34.00846976,N,A,N,0,3,A,2009,D,H,56,M,2,GL,3,0,0
15:05:00,4,A,C,A,H,A,-118.0079,34.06378,N,A,H,0,1,A,2003,D,H,39,M,2,GM,3,0,0
19:15:00,2,B,C,A,H,C,-117.9691493,34.00846976,N,A,N,0,3,A,2009,D,H,54,F,1,GL,1,0,0
13:10:00,2,B,B,A,H,A,-118.1725239,34.02457531,N,A,N,0,1,B,2007,D,H,56,F,2,GM,3,0,0
05:15:00,4,A,C,A,H,D,-117.7277596,34.12033523,N,A,N,0,1,A,2004,D,H,43,M,1,GM,1,0,0
12:45:00,3,A,B,A,H,A,-118.4318245,34.25346749,Y,A,N,0,1,J,2005,D,A,60,M,1,GM,1,0,0
18:45:00,6,A,C,A,H,C,-117.7665977,34.07126344,N,A,N,0,1,B,2006,D,H,41,M,1,GM,1,0,0
18:10:00,2,B,C,B,H,C,-118.2529698,34.06596422,N,A,N,0,1,A,2011,D,A,60,F,1,GM,1,0,0
11:00:00,4,A,C,A,H,A,-118.3177494,34.03680171,N,A,G,0,1,A,2008,D,A,65,M,2,GM,3,0,0
12:51:00,1,B,C,A,H,A,-118.1952995,34.10294909,Y,A,N,0,1,J,2007,D,W,31,M,1,GL,1,0,0
07:35:00,2,B,C,B,H,A,-118.3741738,34.15062864,Y,G,N,0,2,B,2002,D,H,66,F,2,GM,3,0,0
07:35:00,2,B,C,B,H,A,-118.3741738,34.15062864,Y,G,N,0,2,B,2002,D,H,56,M,1,GM,1,0,0
13:04:00,6,A,E,A,H,A,-118.4453385,34.47379376,Y,A,F,0,1,M,2001,D,W,19,F,1,GM,1,0,0
21:20:00,5,B,D,A,H,C,-117.92738,34.0264701,N,A,N,0,1,B,2014,D,H,63,M,1,GL,1,0,0
15:35:00,6,C,F,B,H,A,-118.587597,34.27336023,Y,A,N,0,1,B,2005,D,O,23,F,1,GL,1,0,0
02:40:00,6,A,C,A,H,C,-117.9870537,34.09532353,N,A,N,0,1,B,2016,D,H,32,M,1,GL,1,0,0
23:50:00,5,B,D,B,H,C,-118.03836,34.0373,Y,A,H,0,1,P,2003,D,H,27,F,1,GL,1,0,0
10:45:00,3,A,C,A,H,A,-118.2693386,34.03605808,N,A,N,0,1,H,2006,D,A,29,F,1,GM,1,0,0
15:15:00,5,B,C,A,H,A,-117.9134659,34.10715155,N,A,N,0,2,A,2014,D,A,42,F,2,GM,3,0,0
15:15:00,5,B,C,A,H,A,-117.9134659,34.10715155,N,A,N,0,2,A,2014,D,A,46,M,1,GM,1,0,0
17:12:00,1,A,C,A,H,B,-118.2993875,34.03696284,N,A,N,0,1,A,2004,D,H,54,M,1,GM,1,0,0
12:05:00,1,B,C,A,H,A,-117.7902,34.0726,N,A,H,0,1,A,2011,D,H,71,M,1,GM,1,0,0
12:40:00,6,B,C,A,H,A,-118.2215021,34.04774185,N,A,N,0,1,A,2006,D,H,27,F,1,GM,1,0,0
06:50:00,6,B,E,B,H,B,-118.41011,34.28665,Y,A,N,0,1,B,2008,D,H,35,F,1,GL,1,0,0
22:20:00,5,B,C,B,H,C,-118.2687507,34.15548285,N,A,N,0,1,B,2003,D,H,36,F,2,GM,3,0,0
10:35:00,3,B,C,A,H,A,-118.2079289,33.79080314,N,A,N,0,1,A,2001,D,H,57,M,1,GM,1,0,0
15:35:00,4,A,C,A,H,A,-117.8832475,34.10672,N,A,N,0,1,A,2008,D,H,35,M,1,GM,1,0,0
19:20:00,6,A,C,A,H,D,-118.3682603,33.9297649,N,A,N,0,1,H,2004,D,O,50,F,1,GM,1,0,0