collision_time,day_of_week,weather_1,type_of_collision,road_surface,road_cond_1,lighting,point_x,point_y,at_fault,party_soberiety,oaf_1,party_number_killed,party_number_injured,move_pre_acc,vehicle_year,stwd_vehicle_type,race,victim_age,victim_sex,victim_role,safety_equip_used,victim_seating_postion,victim_ejected,severe_injury
13:05:00,6,A,C,A,H,A,-118.4729382,34.23649468,Y,A,N,0,1,B,2004,D,H,63,M,1,GL,1,0,0
10:40:00,3,A,C,A,H,A,-118.4731296,34.24075859,N,A,N,0,1,B,2014,D,W,45,M,1,GM,1,0,0
17:52:00,2,A,D,A,H,A,-118.13378,34.58267,N,A,N,0,2,B,2016,D,H,25,F,2,GM,3,0,0
17:52:00,2,A,D,A,H,A,-118.13378,34.58267,N,A,N,0,2,B,2016,D,H,25,M,1,GM,1,0,0
14:50:00,5,A,D,A,H,A,-118.2803453,33.98861151,Y,A,N,0,1,J,2001,D,H,60,M,1,GM,1,0,0
12:15:00,7,A,C,A,H,A,-118.2745296,34.0350807,N,A,N,0,1,A,2002,D,H,34,M,1,GM,1,0,0
07:02:00,5,A,B,A,H,A,-118.1295172,34.1519694,N,A,N,0,2,H,2013,D,H,28,F,2,GM,4,0,0
07:02:00,5,A,B,A,H,A,-118.1295172,34.1519694,N,A,N,0,2,H,2013,D,H,30,M,1,GM,1,0,0
17:40:00,1,A,C,A,H,A,-118.13239,34.15199796,N,A,N,0,1,H,2016,D,H,36,M,1,GM,1,0,0
15:21:00,1,A,C,A,H,A,-118.0446499,34.14871387,Y,A,N,0,1,B,2006,D,H,47,F,1,GM,1,0,0
15:00:00,3,A,C,A,H,A,-118.2477008,34.06153374,N,A,N,0,1,A,2017,D,B,31,M,1,GM,1,0,0
14:50:00,6,A,C,A,H,A,-117.82668,34.00677666,N,A,N,0,1,A,2005,D,W,33,F,2,GM,3,0,0
05:20:00,4,A,E,A,H,C,-117.77089,34.02378011,Y,A,N,0,1,R,2005,D,H,35,F,2,GM,3,0,0
05:00:00,5,A,C,A,H,D,-117.8192832,34.09603677,N,A,N,0,1,B,2013,D,W,43,F,1,GM,1,0,0
10:00:00,5,A,B,A,H,A,-117.7894457,34.02611227,N,A,N,0,2,B,2003,D,H,13,F,2,GM,3,0,0
10:00:00,5,A,B,A,H,A,-117.7894457,34.02611227,N,A,N,0,2,B,2003,D,H,57,F,1,GM,1,0,0
06:00:00,2,A,C,A,H,A,-118.0587114,34.07259929,N,A,G,0,1,B,2014,D,H,58,M,1,GM,1,0,0
04:15:00,5,A,B,A,H,C,-118.0817883,33.97033349,Y,A,N,0,1,J,2012,D,W,38,M,1,GL,1,0,0
19:42:00,7,A,C,A,H,B,-118.6438408,34.52982378,Y,A,N,0,1,B,2012,D,B,36,M,1,GL,1,0,0
03:56:00,1,A,E,A,H,C,-118.5467774,34.35073023,Y,B,A,0,1,M,2013,D,H,26,M,1,GL,1,0,0
09:05:00,2,A,C,A,H,A,-118.1209313,33.96568531,N,A,N,0,1,H,2003,D,H,44,M,1,GM,1,0,0
12:49:00,6,A,E,A,H,A,-118.3109828,34.47297679,Y,A,N,0,1,B,2005,D,H,33,F,1,GL,1,0,0
11:25:00,5,A,C,A,H,A,-118.6785895,34.15184983,Y,A,N,0,1,F,2008,D,H,54,F,1,GL,1,0,0
08:10:00,2,A,C,A,H,A,-118.5445141,34.27422097,Y,A,N,0,1,B,2011,D,H,34,M,1,GL,1,0,0
02:00:00,5,A,C,A,D,D,-118.5543197,34.17347864,N,A,N,0,1,A,2002,D,W,23,M,1,GL,1,0,0
16:22:00,2,A,C,A,H,A,-118.6111118,34.1698245,N,A,N,0,1,B,2016,D,H,45,M,1,GM,1,0,0
23:45:00,5,A,C,A,H,C,-118.5702066,34.3889674,Y,A,N,0,1,J,2016,D,H,29,M,1,HM,1,0,0
17:25:00,4,A,B,A,H,A,-118.2634077,33.8952494,N,A,N,0,1,B,2011,D,H,32,F,2,GL,3,0,0
17:18:00,5,A,C,A,H,A,-118.1600642,33.81089151,N,A,N,0,1,H,2003,D,W,62,M,1,GM,1,0,0
07:45:00,1,A,D,A,H,A,-118.32418,34.67558986,N,A,N,0,2,B,2013,D,W,17,M,2,GL,3,0,0
07:45:00,1,A,D,A,H,A,-118.32418,34.67558986,N,A,N,0,2,B,2013,D,W,51,M,1,GL,1,0,0
15:50:00,4,A,C,A,H,A,-118.1947816,33.86985642,N,A,N,0,1,A,2013,D,W,69,M,1,GM,1,0,0
12:25:00,6,A,C,A,H,A,-118.5083487,34.33601299,N,A,L,0,1,H,2009,D,W,71,M,2,GM,3,0,0
10:00:00,5,A,C,A,H,A,-118.169388,33.96399443,N,A,N,0,1,B,2010,D,H,1,M,2,MQ,5,0,0
08:05:00,3,A,A,A,H,A,-118.2784,33.90194004,Y,A,N,0,1,B,2005,D,A,53,M,1,GL,1,0,0
07:54:00,3,A,C,A,H,A,-118.3388197,33.86905607,N,A,N,0,5,H,2017,D,W,29,F,1,GM,1,0,0
07:54:00,3,A,C,A,H,A,-118.3388197,33.86905607,N,A,N,0,5,H,2017,D,W,23,M,2,GP,6,0,0
07:54:00,3,A,C,A,H,A,-118.3388197,33.86905607,N,A,N,0,5,H,2017,D,W,23,F,2,GP,5,0,0
07:54:00,3,A,C,A,H,A,-118.3388197,33.86905607,N,A,N,0,5,H,2017,D,W,29,M,2,GP,4,0,0
07:54:00,3,A,C,A,H,A,-118.3388197,33.86905607,N,A,N,0,5,H,2017,D,W,28,M,2,GM,3,0,0
06:55:00,5,A,C,A,H,A,-118.1168,33.96160006,N,A,N,0,1,H,2002,D,H,22,M,1,GM,1,0,0
12:20:00,7,A,D,A,H,A,-118.0648001,33.97756004,N,A,N,0,1,B,2015,D,O,58,M,1,GL,1,0,0
17:25:00,5,A,C,A,H,A,-118.2139715,34.05210083,N,A,N,0,1,B,2011,D,H,39,M,1,GM,1,0,0
12:15:00,5,A,C,A,H,A,-117.97308,33.9812501,N,A,N,0,1,A,2005,D,W,58,M,1,GM,1,0,0
11:55:00,1,A,C,A,H,A,-118.2538178,34.06677338,N,A,N,0,1,A,2005,D,H,35,F,1,GM,1,0,0
10:25:00,3,A,C,A,D,A,-117.8257133,34.00800237,N,A,N,0,1,B,2006,D,W,35,M,1,GM,1,0,0
22:50:00,1,A,E,A,H,C,-118.2294646,33.92877751,Y,B,A,0,1,R,2002,D,H,52,M,1,GM,1,0,0
05:10:00,3,A,D,A,H,C,-118.11113,34.50920007,Y,A,N,0,2,E,2007,D,W,22,M,2,GM,3,0,0
05:10:00,3,A,D,A,H,C,-118.11113,34.50920007,Y,A,N,0,2,E,2007,D,W,58,M,1,GM,1,0,0
07:14:00,3,A,C,A,H,A,-118.4961781,34.32081941,N,A,G,0,1,A,2015,D,H,40,M,1,GM,1,0,0
23:00:00,5,A,A,A,H,C,-118.2797155,33.94435739,N,A,N,0,3,B,2015,D,H,31,M,1,GM,1,0,0
23:00:00,5,A,A,A,H,C,-118.2797155,33.94435739,N,A,N,0,3,B,2015,D,H,18,M,2,GL,6,0,0
23:00:00,5,A,A,A,H,C,-118.2797155,33.94435739,N,A,N,0,3,B,2015,D,H,31,M,2,GL,3,0,1
12:40:00,7,A,A,A,H,A,-118.441388,34.67535157,N,A,N,0,1,B,2015,D,W,45,M,1,GL,1,0,0
12:40:00,7,A,A,A,H,A,-118.441388,34.67535157,Y,B,A,0,1,Q,2001,D,W,27,M,1,HL,1,0,0
05:26:00,7,A,E,A,H,D,-118.1864088,34.49303768,Y,A,N,0,1,B,2016,D,H,33,F,1,GM,1,0,0
18:00:00,2,A,C,A,H,A,-118.2888018,33.9285107,Y,A,N,0,1,B,2004,D,W,47,M,1,GL,1,0,0
14:55:00,1,A,C,A,H,A,-117.9541863,34.00367412,N,A,N,0,1,A,2015,D,W,57,M,1,GM,1,0,0
14:15:00,2,A,F,A,H,A,-118.0050439,34.58968724,Y,A,A,0,1,I,2004,D,W,29,M,1,GM,1,0,0
23:30:00,2,A,E,A,H,C,-118.1036,33.88734,Y,B,A,0,1,C,2002,D,H,38,M,1,GL,1,0,0
16:34:00,4,A,C,A,H,A,-118.1159154,33.96078323,N,A,N,0,2,A,2016,D,H,32,F,2,GM,3,0,0
16:34:00,4,A,C,A,H,A,-118.1159154,33.96078323,N,A,N,0,2,A,2016,D,H,52,M,1,GM,1,0,0
15:10:00,2,A,C,A,H,A,-117.8687768,34.06118798,N,A,N,0,1,A,2009,D,W,72,M,1,GM,1,0,0
17:50:00,6,A,C,A,H,A,-118.2856359,33.88769773,N,A,N,0,1,H,2006,D,H,62,M,1,GM,1,0,0
15:03:00,1,A,F,A,H,A,-118.698499,34.57518685,Y,A,N,0,2,B,2005,D,H,36,F,2,GM,3,0,0
15:03:00,1,A,F,A,H,A,-118.698499,34.57518685,Y,A,N,0,2,B,2005,D,H,14,M,2,GP,4,0,0
20:00:00,7,A,B,A,H,C,-118.3830557,34.16601498,N,A,N,0,1,B,2006,D,H,29,M,1,GM,1,0,0
20:45:00,2,A,C,A,H,A,-117.8103309,34.03051856,N,A,N,0,1,H,2005,D,A,42,M,1,GM,1,0,0
15:15:00,3,A,C,A,H,A,-118.2169896,33.82517105,N,A,N,0,1,B,2008,D,W,61,M,1,GM,1,0,0
15:30:00,2,A,C,A,H,A,-118.4731179,34.24200904,N,A,N,0,3,B,2006,D,B,25,M,2,GM,4,0,0
15:30:00,2,A,C,A,H,A,-118.4731179,34.24200904,N,A,N,0,3,B,2006,D,B,22,M,2,GM,6,0,0
15:30:00,2,A,C,A,H,A,-118.4731179,34.24200904,N,A,N,0,3,B,2006,D,B,25,M,2,GM,3,0,0
14:50:00,5,A,C,A,H,A,-118.0892112,34.07185303,N,A,N,0,1,A,2015,D,H,39,M,1,GM,1,0,0
13:30:00,7,A,B,A,H,A,-117.6993918,34.12053731,N,A,N,0,1,B,2007,D,B,58,M,1,GM,1,0,0
17:06:00,4,A,D,A,H,A,-118.1533813,34.63597963,Y,A,N,0,1,M,2003,D,H,49,M,1,GM,1,0,0
21:00:00,7,A,E,A,H,C,-118.42689,34.0316655,Y,B,A,0,1,R,2017,D,H,28,M,1,GL,1,0,0
20:07:00,5,A,C,A,H,C,-118.170829,33.94367341,N,A,N,0,2,A,2017,D,H,29,M,1,GM,1,0,0
20:07:00,5,A,C,A,H,C,-118.170829,33.94367341,N,A,N,0,2,A,2017,D,H,29,F,2,GM,3,0,0
07:53:00,6,A,C,A,H,A,-118.1361301,33.91324344,N,A,N,0,2,B,2001,D,H,36,M,2,GM,3,0,0
07:53:00,6,A,C,A,H,A,-118.1361301,33.91324344,N,A,N,0,2,B,2001,D,H,69,M,1,GM,1,0,0
18:12:00,7,A,B,A,H,A,-118.1464613,34.03365535,Y,A,N,0,1,R,2009,D,H,59,M,1,GL,1,0,0
14:50:00,2,A,A,A,H,A,-118.04119,34.01719006,N,A,N,0,1,A,2015,D,H,48,M,1,GM,1,0,0
14:50:00,2,A,A,A,H,A,-118.04119,34.01719006,N,A,N,0,1,A,2001,D,O,21,F,1,GM,3,0,0
07:15:00,2,A,C,A,H,A,-118.287488,33.83010013,N,A,N,0,1,A,2007,D,H,27,M,1,GM,1,0,0
05:50:00,2,A,C,A,H,B,-118.3797595,34.15790476,N,A,N,0,1,A,2002,D,H,35,M,1,GM,1,0,0
06:30:00,7,A,F,A,H,A,-118.4572219,34.41620849,Y,A,N,0,1,M,2001,D,W,29,M,1,GM,1,0,0
11:50:00,7,A,C,A,H,A,-118.2766306,34.02402305,N,A,N,0,1,A,2003,D,H,36,M,1,GL,1,0,0
08:24:00,2,A,C,A,H,A,-118.76253,34.14548,N,A,N,0,2,A,2014,D,H,43,M,2,GM,3,0,0
08:24:00,2,A,C,A,H,A,-118.76253,34.14548,N,A,N,0,2,A,2014,D,H,40,M,1,GM,1,0,0
06:35:00,3,A,C,A,H,A,-118.4216566,34.24386415,N,A,N,0,1,A,2002,D,H,57,M,1,GM,1,0,0
16:40:00,7,A,D,A,H,A,-118.22964,33.95331002,N,A,N,0,1,B,2006,D,H,53,F,2,GM,3,0,0
05:50:00,1,B,C,A,H,D,-118.1470497,34.48578106,N,A,N,0,1,H,2010,D,B,54,M,1,GM,1,0,0
08:35:00,1,A,C,A,H,A,-118.3159497,33.92562161,N,A,N,0,1,H,2016,D,H,35,M,1,GM,1,0,0
09:00:00,1,A,C,A,H,A,-118.0824108,33.96922933,N,A,N,0,1,A,2016,D,H,32,M,1,GM,1,0,0
10:15:00,6,B,D,A,H,A,-118.111434,33.95772229,N,A,N,0,1,A,2016,D,H,31,M,1,GM,1,0,0
10:46:00,3,A,C,A,H,A,-118.4206441,34.24290462,N,A,N,0,1,A,2007,D,O,36,M,1,GM,1,0,0
08:40:00,2,A,C,A,H,A,-118.1046804,33.89635066,N,A,N,0,1,A,2003,D,W,32,F,1,GM,1,0,0
14:40:00,3,A,C,A,H,A,-117.976742,34.11590201,N,A,N,0,1,B,2014,D,W,52,M,1,GM,1,0,0
05:54:00,3,A,C,A,H,C,-118.4260675,34.24802806,N,A,N,0,1,H,2015,D,O,57,M,1,GL,1,0,0
12:45:00,5,A,C,A,H,A,-118.0991415,34.15236693,Y,A,N,0,1,J,2013,D,O,33,M,1,GM,1,0,0
18:05:00,7,A,F,A,H,A,-118.2741522,34.12995512,Y,A,N,0,1,B,2002,D,H,32,M,1,GL,1,0,1
05:10:00,4,A,D,A,H,D,-118.1965801,34.45768002,Y,A,N,0,1,E,2008,D,W,29,F,1,GM,1,0,0
10:05:00,1,A,C,A,H,A,-118.0172598,34.02964058,N,A,N,0,1,H,2009,D,W,32,M,1,GM,1,0,0
01:05:00,7,A,B,A,D,C,-117.89707,34.07214593,Y,B,A,0,1,D,2004,D,H,24,M,1,GM,1,0,0
17:00:00,5,A,C,A,H,A,-117.8812397,33.99473894,N,A,N,0,1,A,2012,D,H,14,F,2,GM,3,0,0
14:25:00,3,A,C,A,H,A,-118.2070689,33.80813218,N,A,N,0,1,A,2004,D,H,33,M,1,GM,1,0,0
15:15:00,4,A,C,A,H,A,-118.1049115,33.91432388,N,A,N,0,1,A,2011,D,B,41,M,1,GM,1,0,0
10:45:00,1,A,C,A,H,A,-118.4420328,34.04141798,Y,A,N,0,1,H,2010,D,W,33,M,1,GL,1,0,0
09:50:00,6,A,B,A,H,A,-118.5111347,34.33602286,N,A,N,0,2,B,2007,D,H,17,F,2,GM,3,0,0
09:50:00,6,A,B,A,H,A,-118.5111347,34.33602286,N,A,N,0,2,B,2007,D,H,51,M,1,GM,1,0,0
08:00:00,4,B,E,B,H,A,-118.2918794,33.7469531,Y,A,N,0,1,B,2003,D,H,22,F,1,GM,1,0,0
04:50:00,1,A,E,A,H,B,-118.4724443,34.32323538,Y,B,A,0,1,R,2007,D,H,34,M,1,GL,1,0,1
17:20:00,2,A,C,A,H,A,-118.3429781,34.12442041,N,G,N,0,1,A,2016,D,H,37,M,1,GM,1,0,0
19:20:00,3,A,C,A,H,C,-118.372187,34.14835577,N,A,N,0,1,H,2015,D,H,46,M,1,GM,1,0,0
08:00:00,3,A,E,A,H,A,-118.1852481,34.1426033,Y,A,N,0,1,R,2005,D,W,26,M,1,GL,1,0,0
19:33:00,2,B,C,A,H,C,-118.1342202,34.15166386,N,A,N,0,2,H,2014,D,H,21,F,2,GM,3,0,0
19:33:00,2,B,C,A,H,C,-118.1342202,34.15166386,N,A,N,0,2,H,2014,D,H,23,M,1,GM,1,0,0
11:40:00,5,A,D,A,H,A,-118.1394589,34.03297389,N,A,N,0,1,B,2016,D,H,26,F,1,GM,1,0,0
19:55:00,6,A,C,A,H,D,-118.4215914,34.01597937,Y,A,N,0,1,J,2002,D,O,73,M,1,GM,1,0,0
17:35:00,1,A,C,A,H,A,-118.0522586,34.03970484,N,A,G,0,1,H,2014,D,W,19,M,1,GM,1,0,0
08:30:00,2,A,C,A,H,A,-118.1281526,33.97904691,N,A,G,0,1,H,2002,D,H,51,F,2,GM,3,0,0
19:35:00,5,A,C,A,H,C,-118.1892836,33.91578989,Y,A,F,0,4,B,2015,D,O,37,M,2,GP,0,0,0
19:35:00,5,A,C,A,H,C,-118.1892836,33.91578989,Y,A,F,0,4,B,2015,D,O,83,F,2,GP,0,0,0
19:35:00,5,A,C,A,H,C,-118.1892836,33.91578989,Y,A,F,0,4,B,2015,D,O,73,F,2,GP,4,0,0
17:05:00,6,B,B,A,H,A,-118.36133,33.93323858,N,A,N,0,1,A,2006,D,H,50,M,2,GM,3,0,0
21:20:00,5,A,C,A,H,C,-118.3685272,33.93885194,N,A,N,0,1,A,2017,D,O,47,M,1,GM,1,0,0
06:15:00,4,A,B,A,H,D,-117.9837575,34.01503288,N,A,N,0,1,B,2004,D,H,18,F,1,GM,1,0,0
18:25:00,1,A,C,A,H,A,-118.0772786,34.07235303,Y,A,N,0,1,B,2017,D,H,18,F,2,GM,3,0,0
06:30:00,1,B,E,A,H,B,-118.169455,34.18158622,Y,A,N,0,1,B,2001,D,H,35,M,2,GP,4,0,0
08:05:00,4,A,B,A,H,A,-118.0003686,34.06589039,N,A,N,0,2,B,2009,D,B,66,M,1,GM,1,0,0
08:05:00,4,A,B,A,H,A,-118.0003686,34.06589039,N,A,N,0,2,B,2009,D,B,55,M,2,GM,3,0,0
19:30:00,4,A,C,A,H,C,-118.0142993,34.13799368,N,A,N,0,2,A,2014,D,B,53,F,2,GM,3,0,0
19:30:00,4,A,C,A,H,C,-118.0142993,34.13799368,N,A,N,0,2,A,2014,D,B,66,M,1,GM,1,0,0
08:40:00,1,A,C,A,H,A,-118.3689781,34.14571893,N,A,N,0,1,H,2013,D,H,63,M,1,GM,1,0,0
15:45:00,1,A,C,A,H,A,-118.312228,34.09552184,N,A,N,0,1,B,2002,D,W,62,M,1,GL,1,0,0
05:45:00,3,A,C,A,H,C,-118.4073253,33.99828566,N,A,N,0,1,A,2017,D,W,39,M,1,GM,1,0,0
05:25:00,4,B,B,B,H,C,-117.8296962,34.12115503,Y,A,N,0,1,P,2004,D,W,52,M,1,GM,1,0,0
11:20:00,2,A,C,A,H,A,-118.2712901,34.12046977,Y,A,N,0,1,B,2006,D,H,37,M,1,GM,1,0,0
11:20:00,2,A,C,A,H,A,-118.2712901,34.12046977,N,A,N,0,1,A,2002,D,W,22,F,1,GM,1,0,0
02:00:00,5,A,C,A,H,C,-118.2803805,33.98681268,N,A,N,0,1,B,2012,D,H,21,M,1,GL,1,0,0
19:40:00,1,A,C,A,H,D,-118.2217364,33.87375185,N,A,N,0,2,A,2003,D,H,39,M,1,GM,1,0,0
19:40:00,1,A,C,A,H,D,-118.2217364,33.87375185,N,A,N,0,2,A,2003,D,H,30,F,2,GM,3,0,0
08:30:00,1,A,C,A,H,A,-118.2854457,33.84518391,N,A,N,0,1,A,2007,D,B,22,M,1,GM,1,0,0
03:27:00,7,A,E,A,H,D,-118.3747191,34.15104456,Y,B,N,0,2,R,2015,D,W,24,M,2,GL,3,0,0
03:27:00,7,A,E,A,H,D,-118.3747191,34.15104456,Y,B,N,0,2,R,2015,D,W,24,M,1,GL,1,0,0
06:25:00,4,B,F,A,H,A,-118.0051037,34.60092017,Y,A,L,0,1,M,2006,D,O,25,M,1,GM,1,0,1
19:05:00,6,A,C,A,H,C,-118.16813,33.96581,N,A,H,0,1,A,2004,D,H,21,F,1,GM,1,0,0
16:15:00,3,A,C,A,H,A,-118.0965106,33.87639821,N,A,N,0,1,H,2002,D,H,35,M,1,GM,1,0,0
11:02:00,3,A,C,A,H,A,-118.3736892,33.96951384,N,A,N,0,1,H,2013,D,W,45,M,1,GL,1,0,0
19:05:00,3,A,C,A,H,C,-118.1571467,34.02037843,Y,A,N,0,1,B,2005,D,H,27,F,1,GM,1,0,0
17:50:00,2,A,C,A,H,A,-118.4172443,34.0105229,N,A,N,0,3,B,2006,D,H,41,M,2,GM,3,0,0
17:50:00,2,A,C,A,H,A,-118.4172443,34.0105229,N,A,N,0,3,B,2006,D,H,46,M,2,GP,2,0,0
17:50:00,2,A,C,A,H,A,-118.4172443,34.0105229,N,A,N,0,3,B,2006,D,H,39,M,1,GM,1,0,0
22:01:00,4,B,C,A,H,C,-118.3679794,33.89556895,Y,A,N,0,1,B,2007,D,W,45,M,1,GL,1,0,0
23:35:00,2,A,C,A,H,C,-118.4389428,34.26049751,N,A,N,0,1,B,2003,D,H,42,F,1,GM,1,0,0
09:55:00,3,A,C,A,H,A,-118.1391559,33.91292828,Y,A,N,0,1,B,2017,D,H,19,M,1,GM,1,0,0
11:20:00,2,B,C,A,H,A,-118.3710547,33.96729496,N,A,N,0,2,A,2009,D,H,12,M,2,GP,6,0,0
11:20:00,2,B,C,A,H,A,-118.3710547,33.96729496,N,A,N,0,2,A,2009,D,H,49,F,2,GM,3,0,0
13:45:00,2,B,C,A,H,A,-118.2919758,33.93098,N,A,N,0,1,A,2003,D,B,54,M,1,GM,1,0,0
23:10:00,7,A,B,A,H,C,-118.1924109,34.02030679,Y,A,N,0,1,J,2016,D,H,28,M,1,GL,1,0,0
19:54:00,2,A,C,A,H,C,-118.4728684,34.2441695,N,A,N,0,2,H,2009,D,H,14,F,2,GP,6,0,0
19:54:00,2,A,C,A,H,C,-118.4728684,34.2441695,N,A,N,0,2,H,2009,D,H,13,F,2,GP,2,0,0
13:10:00,1,A,D,A,H,A,-118.2917406,33.810798,N,A,N,0,1,B,2005,D,H,25,M,1,GM,1,0,0
04:50:00,6,A,E,A,D,D,-117.8101331,34.06433337,Y,A,N,0,1,R,2004,D,H,49,M,1,GL,1,0,0
06:20:00,6,A,C,A,D,B,-117.866367,33.94815223,N,A,N,0,1,H,2006,D,O,45,M,1,GM,1,0,0
20:27:00,7,A,C,A,H,C,-118.42986,34.30813,Y,B,A,0,1,B,2004,D,O,38,M,1,HM,1,0,0
22:05:00,1,A,B,A,H,C,-118.4930107,34.2743655,N,A,N,0,1,A,2013,D,O,30,F,1,GM,1,0,0
19:57:00,3,A,B,A,H,C,-118.2784679,34.14381313,N,A,N,0,3,B,2002,D,H,57,F,2,GM,4,0,0
19:57:00,3,A,B,A,H,C,-118.2784679,34.14381313,N,A,N,0,3,B,2002,D,H,57,M,2,GM,3,0,0
19:57:00,3,A,B,A,H,C,-118.2784679,34.14381313,N,A,N,0,3,B,2002,D,H,51,M,1,GM,1,0,0
19:57:00,3,A,B,A,H,C,-118.2784679,34.14381313,N,A,N,0,1,B,2007,D,H,24,M,1,GM,1,0,0
14:50:00,3,A,C,A,H,A,-118.2476898,33.96327355,Y,A,N,0,1,B,2005,D,B,20,F,1,GL,1,0,0
06:25:00,4,A,C,A,H,A,-118.0364368,34.14856797,N,A,N,0,1,H,2009,D,B,61,M,1,GM,1,0,0
17:10:00,3,A,D,A,H,A,-118.2177701,33.97170012,N,A,N,0,1,B,2001,D,H,36,F,1,GM,1,0,0
17:20:00,6,A,D,A,H,B,-118.07079,33.96119,N,G,N,0,2,B,2006,D,H,27,M,2,GL,2,0,0
17:20:00,6,A,D,A,H,B,-118.07079,33.96119,N,G,N,0,2,B,2006,D,H,20,F,2,GL,3,0,0
17:50:00,2,A,C,A,H,A,-118.0416199,34.02477007,N,A,N,0,1,A,2002,D,O,48,M,1,GM,1,0,0
13:50:00,1,A,C,A,H,A,-118.4724667,34.13353327,N,A,N,0,1,A,2015,D,A,48,M,1,GM,1,0,0
18:48:00,3,A,C,A,H,C,-118.4006372,34.28172476,Y,A,N,0,1,B,2004,D,W,57,F,1,GM,1,0,0
07:35:00,3,A,C,A,H,A,-118.3568002,34.15309602,N,A,N,0,1,A,2008,D,O,49,M,1,GM,1,0,0
14:35:00,3,A,B,A,H,A,-117.931761,33.99247385,N,A,N,0,1,B,2017,D,H,26,M,1,GM,1,0,0
14:00:00,4,A,C,A,D,A,-118.0526487,33.89684844,N,A,N,0,1,H,2012,D,H,72,M,1,GM,1,0,0
16:15:00,4,A,D,A,H,A,-118.2499729,33.96888047,N,A,N,0,1,B,2009,D,H,19,F,1,GL,1,0,0
18:30:00,2,A,C,A,H,D,-118.1276393,33.97853039,N,A,G,0,1,H,2016,D,H,26,M,1,GM,1,0,0
20:20:00,6,A,C,A,H,C,-118.36863,33.9375,N,A,N,0,1,A,2015,D,B,41,F,2,GM,3,0,0
15:00:00,7,A,C,A,H,A,-118.4214602,34.01581359,Y,A,N,0,1,B,2008,D,W,66,F,2,GM,3,0,0
08:05:00,1,A,C,A,H,A,-118.3807443,34.16011092,N,A,N,0,1,A,2007,D,W,66,M,1,GM,1,0,0
11:10:00,4,A,E,A,H,A,-117.9657438,34.02844761,Y,A,N,0,1,M,2002,D,W,56,M,1,GM,1,0,0
11:36:00,4,A,C,A,H,A,-117.7443128,34.02396814,N,A,N,0,1,B,2008,D,H,47,M,1,GM,1,0,0
19:30:00,7,A,C,A,H,A,-118.4725621,34.2481439,Y,A,N,0,1,H,2015,D,O,61,M,1,GL,1,0,0
19:15:00,3,A,C,A,H,C,-118.13349,33.91324991,N,A,N,0,1,A,2001,D,H,60,F,1,GM,1,0,0
13:30:00,3,A,C,A,H,A,-118.4799392,34.12074701,N,A,N,0,1,H,2005,D,W,51,M,1,GM,1,0,0
13:15:00,5,A,C,A,H,A,-118.0877449,34.03720108,N,A,G,0,2,B,2008,D,H,20,M,1,GM,1,0,0
13:15:00,5,A,C,A,H,A,-118.0877449,34.03720108,N,A,G,0,2,B,2008,D,H,48,M,2,GM,3,0,0
08:45:00,4,A,C,A,H,A,-118.4703559,34.29374394,N,A,N,0,1,A,2015,D,H,54,F,2,GM,3,0,0
17:20:00,3,A,C,A,H,A,-118.473469,34.2061205,N,A,N,0,1,B,2005,D,H,8,F,2,GP,5,0,0
13:15:00,7,A,B,A,H,A,-117.8440082,34.11783167,N,A,N,0,1,B,2017,D,H,35,F,1,GM,2,0,0
08:17:00,2,A,C,A,H,A,-118.5040988,34.34711356,N,A,N,0,3,A,2017,D,W,5,M,2,MQ,4,0,0
08:17:00,2,A,C,A,H,A,-118.5040988,34.34711356,N,A,N,0,3,A,2017,D,W,72,M,2,GM,3,0,0
08:17:00,2,A,C,A,H,A,-118.5040988,34.34711356,N,A,N,0,3,A,2017,D,W,33,F,1,GM,1,0,0
14:55:00,6,A,C,A,H,A,-118.5463105,34.27407321,N,A,N,0,1,H,2012,D,W,44,F,2,GM,3,0,0
06:15:00,5,A,C,A,H,C,-118.4733232,34.21999855,N,A,N,0,1,B,2005,D,H,50,M,1,GM,1,0,0
16:00:00,4,A,B,A,H,A,-118.0590615,34.7337,Y,A,A,0,1,M,2006,D,W,48,M,1,GM,1,0,0
15:40:00,4,A,C,A,H,A,-117.8164014,34.11978391,N,A,N,0,1,A,2014,D,H,41,M,1,GM,1,0,0
04:05:00,7,A,C,A,H,D,-118.115606,34.49027499,N,B,N,0,1,B,2004,D,H,54,M,1,GM,1,0,0
20:35:00,1,A,C,A,H,D,-118.6661822,34.55096598,Y,B,A,0,1,B,2005,D,W,31,M,1,GL,1,0,0
10:01:00,3,A,C,A,H,A,-118.00042,34.07081,N,A,N,0,1,A,2017,D,W,25,M,1,GM,1,0,0
14:05:00,3,A,C,A,H,A,-117.9663494,34.13543473,N,A,N,0,1,A,2007,D,H,36,M,1,GM,1,0,0
05:15:00,2,A,C,A,H,D,-118.440059,34.41772422,Y,A,N,0,1,H,2013,D,W,77,F,2,GM,8,0,0
04:50:00,3,A,C,A,H,C,-118.5069548,34.3394744,N,A,N,0,1,H,2011,D,H,65,F,1,GM,1,0,0
05:20:00,3,A,C,A,H,D,-118.4639241,34.39747686,N,A,G,0,1,A,2004,D,H,58,M,1,GM,1,0,0