collision_time,day_of_week,weather_1,type_of_collision,road_surface,road_cond_1,lighting,point_x,point_y,at_fault,party_soberiety,oaf_1,party_number_killed,party_number_injured,move_pre_acc,vehicle_year,stwd_vehicle_type,race,victim_age,victim_sex,victim_role,safety_equip_used,victim_seating_postion,victim_ejected,severe_injury
16:00:00,1,A,B,A,H,A,-118.1800232,33.91305161,Y,A,N,0,1,B,2004,D,H,56,M,1,GM,1,0,0
15:00:00,5,A,C,A,H,A,-118.1256485,33.97641373,Y,A,G,0,1,B,2014,D,W,60,M,1,GM,1,0,0
17:00:00,1,A,D,A,H,A,-117.9631424,34.04534149,N,A,N,0,1,A,2017,D,O,19,M,1,GM,1,0,0
02:05:00,7,A,C,A,H,C,-118.2761993,34.13711929,N,A,N,0,1,B,2008,D,H,44,F,2,GM,3,0,0
12:25:00,4,A,C,A,H,A,-118.6244049,34.16428375,N,A,N,0,1,A,2015,D,W,34,M,1,GM,1,0,0
04:00:00,5,A,E,A,H,C,-118.2377701,34.06801224,Y,B,A,0,1,R,2001,D,W,25,F,1,GM,1,0,0
20:14:00,4,A,C,A,H,B,-118.0839386,33.83137894,N,A,N,0,1,A,2017,D,W,17,M,2,GM,3,0,0
23:05:00,3,A,C,A,H,D,-118.1340485,34.58982086,N,A,N,0,1,A,2016,D,H,26,F,2,GM,6,0,0
09:30:00,2,A,C,A,H,A,-118.0892868,33.8764267,N,A,N,0,1,A,2004,D,W,62,M,1,GM,1,0,0
09:58:00,7,A,C,A,H,A,-118.187973,34.02023697,N,A,N,0,1,B,2004,D,H,39,M,1,GM,1,0,0
07:40:00,2,B,C,A,H,A,-118.0538712,33.8976593,N,A,N,0,1,A,2002,D,O,62,M,1,GM,1,0,0
14:05:00,6,A,C,A,H,A,-118.3479843,33.93214035,N,A,N,0,1,A,2001,D,H,64,M,2,GM,3,0,0
20:03:00,5,A,E,A,H,B,-118.0664215,34.0408287,Y,B,A,0,1,R,2002,D,H,35,M,1,GL,1,0,0
11:57:00,1,A,B,A,H,A,-118.5315704,34.17140961,Y,A,N,0,1,P,2005,D,H,50,M,1,GM,1,0,0
08:00:00,5,A,C,A,H,A,-118.4728622,34.24502945,N,A,N,0,1,A,2018,D,H,998,M,2,GM,3,0,0
16:20:00,2,A,C,A,H,A,-118.0233078,34.03205109,N,A,N,0,3,B,2007,D,H,40,M,1,GM,1,0,0
16:20:00,2,A,C,A,H,A,-118.0233078,34.03205109,N,A,N,0,3,B,2007,D,H,7,M,2,GM,6,0,0
16:20:00,2,A,C,A,H,A,-118.0233078,34.03205109,N,A,N,0,3,B,2007,D,H,40,F,2,GM,3,0,0
08:25:00,2,A,C,A,H,A,-118.2761307,33.8730011,N,A,N,0,1,A,2004,D,H,31,M,1,GM,1,0,0
09:08:00,5,A,C,A,H,A,-118.1651382,34.05913925,N,A,G,0,1,H,2002,D,H,50,M,1,GM,1,0,0
23:50:00,5,A,B,A,H,D,-118.2239685,33.92979813,Y,B,A,0,1,R,2006,D,H,23,M,1,GM,1,0,0
05:35:00,5,A,C,A,D,A,-117.8817215,34.07183075,N,A,N,0,2,B,2007,D,W,55,M,2,GM,3,0,0
05:35:00,5,A,C,A,D,A,-117.8817215,34.07183075,N,A,N,0,2,B,2007,D,W,58,M,1,GM,1,0,0
16:05:00,2,A,C,A,H,A,-118.4743652,34.19073105,N,A,N,0,1,A,2017,D,W,36,M,1,GM,1,0,0
08:00:00,4,A,C,A,H,A,-118.3974609,34.15436554,N,A,N,0,1,H,2014,D,B,53,M,1,GM,1,0,0
13:40:00,6,A,C,A,H,A,-118.0607224,34.00703049,N,A,N,0,2,A,2002,D,H,51,M,2,GM,3,0,0
13:40:00,6,A,C,A,H,A,-118.0607224,34.00703049,N,A,N,0,2,A,2002,D,H,24,M,1,GM,1,0,0
12:35:00,3,A,B,A,H,A,-118.0018082,34.04991913,Y,B,A,0,1,M,2003,D,H,43,M,1,HM,1,0,0
12:38:00,7,A,D,A,H,A,-118.1455994,34.02030182,N,A,N,0,1,B,2002,D,H,40,F,1,GM,1,0,0
12:36:00,3,A,B,A,H,A,-118.0045319,34.04555511,Y,B,A,0,1,M,2003,D,H,43,M,1,HM,1,0,0
08:55:00,2,A,C,A,H,A,-118.2782288,34.07638931,N,A,N,0,1,A,2006,D,H,50,M,1,GM,1,0,0
15:55:00,7,A,B,A,H,A,-118.6437149,34.06613922,N,A,N,0,1,B,2009,D,O,70,F,1,GM,1,0,0
04:35:00,3,A,B,A,H,B,-118.0026932,34.06484604,N,A,N,0,1,B,2002,D,H,51,M,1,GM,1,0,0
22:49:00,5,A,B,A,H,C,-118.0310974,34.03350067,N,A,H,0,1,B,2017,D,H,19,F,2,GP,5,0,0
22:50:00,4,A,C,A,H,D,-118.2450256,34.22105789,Y,B,A,0,1,B,2017,D,H,52,M,1,GL,1,0,1
19:40:00,2,A,E,A,H,A,-118.378952,34.43492889,Y,A,N,0,1,M,2005,D,W,48,M,1,GM,1,0,0
18:50:00,6,A,B,A,H,A,-118.0729599,33.87649155,Y,A,N,0,2,J,2004,D,W,10,M,2,GM,3,0,0
18:50:00,6,A,B,A,H,A,-118.0729599,33.87649155,Y,A,N,0,2,J,2004,D,W,44,M,1,GM,1,0,0
10:35:00,2,A,C,A,H,A,-117.9319077,33.99110794,N,A,N,0,1,A,2016,D,H,47,F,1,GM,1,0,0
03:05:00,6,A,C,A,H,C,-117.933342,34.12998581,N,A,N,0,1,A,2009,D,H,25,M,1,GL,1,0,0
18:40:00,4,A,E,A,H,A,-118.3334656,34.44057465,Y,A,N,0,1,M,2007,D,B,33,M,1,GM,1,0,0
16:32:00,4,A,C,A,H,A,-118.0555191,34.14864349,N,A,N,0,1,B,2012,D,W,33,M,1,GM,1,0,0
08:15:00,2,A,C,A,H,A,-118.272049,33.8473053,Y,A,N,0,1,B,2006,D,W,26,M,1,GM,1,0,0
08:20:00,4,A,C,A,H,A,-118.2276764,33.92922211,N,A,N,0,2,B,2008,D,H,54,M,1,GM,1,0,0
08:20:00,4,A,C,A,H,A,-118.2276764,33.92922211,N,A,N,0,2,B,2008,D,H,43,F,2,GM,3,0,0
14:18:00,7,A,B,A,H,A,-117.7506943,34.11970139,N,A,N,0,1,B,2018,D,W,53,M,1,GM,1,0,0
02:01:00,4,A,E,A,H,C,-118.0663528,34.02806091,Y,B,A,0,1,B,2015,D,H,21,M,1,GL,1,0,0
22:10:00,5,A,A,A,H,D,-118.0408478,34.59756088,Y,G,N,1,0,N,2012,D,B,49,M,1,HL,1,0,1
15:30:00,4,A,C,A,H,A,-118.5615463,34.17338943,Y,A,N,0,1,B,2010,D,W,38,M,2,GM,3,0,0
22:07:00,6,A,C,A,H,D,-118.4346085,34.15554428,N,A,N,0,1,B,2002,D,H,31,M,1,GM,1,0,0
11:35:00,5,A,C,A,D,A,-117.908989,34.07224274,Y,A,N,0,1,B,2015,D,A,60,M,1,GL,1,0,0
20:30:00,1,A,C,A,H,C,-118.2902908,33.83683014,N,A,N,0,2,B,2016,D,H,43,F,2,GM,3,0,0
20:30:00,1,A,C,A,H,C,-118.2902908,33.83683014,N,A,N,0,2,B,2016,D,H,46,F,1,GM,1,0,0
13:15:00,4,A,C,A,H,A,-117.9523697,34.13286972,N,A,N,0,1,H,2018,D,H,67,M,1,GM,1,0,0
08:30:00,4,A,C,A,H,A,-118.5395966,34.27489853,Y,A,N,0,3,B,2003,D,H,53,F,2,GP,6,0,0
08:30:00,4,A,C,A,H,A,-118.5395966,34.27489853,Y,A,N,0,3,B,2003,D,H,36,F,2,GM,3,0,0
08:30:00,4,A,C,A,H,A,-118.5395966,34.27489853,Y,A,N,0,3,B,2003,D,H,64,F,1,GM,1,0,0
12:30:00,7,A,C,A,H,A,-118.0368881,33.93869019,N,A,N,0,2,H,2003,D,O,41,M,2,GM,3,0,0
12:30:00,7,A,C,A,H,A,-118.0368881,33.93869019,N,A,N,0,2,H,2003,D,O,43,M,1,GM,1,0,0
20:03:00,7,A,C,A,D,C,-118.5746078,34.40494919,Y,B,A,0,1,J,2003,D,W,62,M,1,HL,1,0,0
13:30:00,4,A,C,A,H,A,-118.006897,34.04936218,N,A,N,0,1,B,2002,D,W,33,M,2,GM,3,0,0
17:43:00,3,A,C,A,D,A,-118.3053589,34.17071152,N,A,N,0,2,B,2015,D,H,29,M,1,GM,1,0,0
17:43:00,3,A,C,A,D,A,-118.3053589,34.17071152,N,A,N,0,2,B,2015,D,H,26,F,2,GM,4,0,0
11:20:00,7,A,D,A,H,A,-118.1826935,34.02630997,N,A,N,0,1,B,2005,D,H,21,F,2,GP,4,0,0
18:15:00,2,A,C,A,H,A,-118.0785751,33.97753525,N,A,N,0,1,A,2018,D,H,51,M,1,GM,1,0,0
15:10:00,3,A,B,A,H,A,-117.9981613,34.13536835,N,A,N,0,1,B,2013,D,H,32,M,1,GM,1,0,0
10:00:00,3,A,E,A,H,C,-118.293808,33.92889404,Y,A,N,0,1,R,2004,D,H,30,M,1,GM,1,0,0
13:30:00,6,A,C,A,H,A,-118.4360046,34.03310776,N,A,N,0,1,B,2017,D,H,61,F,2,GM,3,0,0
16:30:00,5,A,A,A,H,A,-118.2614746,34.60907364,N,A,N,0,1,B,2002,D,W,49,F,1,GL,1,0,1
15:00:00,7,A,C,A,H,D,-118.3179092,33.86212158,Y,A,N,0,1,B,2011,D,H,23,M,1,GM,1,0,0
12:10:00,4,A,C,A,H,A,-118.172142,34.00579071,N,A,H,0,1,B,2012,D,H,46,M,1,GM,1,0,0
09:15:00,3,A,C,A,H,A,-118.6988297,34.14556122,N,A,H,0,1,A,2017,D,W,49,M,1,GM,1,0,0
14:20:00,2,A,C,A,H,A,-118.4061661,34.20655441,N,A,N,0,1,A,2010,D,H,32,M,1,GM,1,0,0
09:59:00,3,A,C,A,H,A,-118.4027939,34.19561005,N,A,N,0,1,B,2002,D,W,72,M,1,GM,1,0,0
12:56:00,2,A,B,A,H,A,-117.9591141,34.13234711,N,A,N,0,1,B,2001,D,H,74,F,1,GM,1,0,0
12:15:00,6,A,A,A,H,A,-118.4111328,34.46399307,Y,B,A,0,1,M,2006,D,W,50,M,1,GM,1,0,0
16:30:00,1,A,C,A,H,A,-118.308403,34.15544891,N,A,N,0,1,H,2003,D,H,48,M,1,GM,1,0,0
15:55:00,1,A,C,A,H,A,-118.3685608,33.92720795,N,A,N,0,4,H,2003,D,H,58,M,2,GP,6,0,0
15:55:00,1,A,C,A,H,A,-118.3685608,33.92720795,N,A,N,0,4,H,2003,D,H,17,M,2,GP,4,0,0
15:55:00,1,A,C,A,H,A,-118.3685608,33.92720795,N,A,N,0,4,H,2003,D,H,24,M,2,GM,3,0,0
15:55:00,1,A,C,A,H,A,-118.3685608,33.92720795,N,A,N,0,4,H,2003,D,H,44,M,1,GM,1,0,0
13:00:00,6,A,E,A,H,A,-117.9319077,34.49029541,Y,B,A,0,1,M,2005,D,W,59,M,1,GM,1,0,1
03:00:00,7,A,E,A,H,C,-117.8272476,34.68983841,Y,B,A,0,1,B,2003,D,H,35,M,1,HL,1,0,0
18:48:00,5,A,B,A,H,A,-118.1685181,34.04059982,Y,B,A,0,1,M,2008,D,H,32,M,1,GM,1,0,0
17:51:00,2,A,C,A,H,A,-118.4167633,34.2395134,N,A,N,0,1,A,2004,D,O,19,M,1,GM,1,0,0
06:50:00,2,B,C,A,H,A,-118.3262558,34.10514832,N,A,N,0,1,A,2015,D,H,52,M,1,GM,1,0,0
10:10:00,1,A,D,A,H,A,-118.2556915,33.90270996,N,A,N,0,1,B,2001,D,B,79,F,1,GM,1,0,0
19:19:00,6,A,B,A,H,A,-118.1382065,33.877285,Y,A,N,0,1,R,2002,D,W,27,M,1,GM,1,0,0
09:10:00,7,A,B,A,H,A,-118.2160721,34.06328201,N,A,A,0,1,B,2006,D,H,59,M,1,GM,1,0,0
22:20:00,4,A,C,A,H,D,-118.469986,34.29337311,N,A,N,0,1,A,2004,D,H,22,M,1,AM,1,0,0
08:55:00,2,A,C,A,H,A,-118.1889114,33.81729507,N,A,N,0,1,A,2015,D,W,47,F,2,GM,3,0,0
03:50:00,1,A,C,A,H,C,-118.1046982,33.89770126,N,A,N,0,1,A,2001,D,W,54,M,1,GM,1,0,0
04:40:00,6,A,C,A,H,D,-118.4745255,34.08397293,Y,B,A,0,1,J,2015,D,H,28,M,1,GL,1,0,0
11:05:00,1,A,C,A,H,A,-118.1227417,34.15241623,N,A,N,0,1,A,2006,D,O,57,M,1,GM,1,0,0
08:07:00,2,A,C,A,H,A,-118.3637619,34.44457245,Y,A,N,0,1,B,2007,D,W,28,F,2,GM,3,0,0
03:50:00,1,A,C,A,H,D,-118.6429825,34.52639389,N,A,N,0,1,A,2017,D,H,36,M,1,GM,1,0,0
18:00:00,1,A,C,A,H,A,-118.2110138,34.49323273,N,A,N,0,1,B,2014,D,W,45,M,1,GM,1,0,0
08:25:00,1,B,C,A,H,A,-118.1356125,33.87710953,N,A,N,0,1,H,2006,D,H,68,M,1,GM,1,0,0
12:30:00,3,A,C,A,H,A,-118.0821991,33.96960831,N,A,N,0,1,A,2013,D,O,20,F,1,GM,1,0,0
18:20:00,5,A,C,A,H,A,-117.9793167,34.03800201,Y,A,N,0,1,B,2001,D,H,55,F,1,GL,1,0,0
16:13:00,3,A,E,A,H,A,-118.106102,33.90346909,Y,B,A,0,2,R,2007,D,H,18,F,2,GM,3,0,0
16:13:00,3,A,E,A,H,A,-118.106102,33.90346909,Y,B,A,0,2,R,2007,D,H,39,M,1,GM,1,0,1
15:17:00,2,A,C,A,H,A,-118.4508286,34.0544014,N,A,N,0,1,H,2003,D,H,31,M,1,GM,1,0,0
10:00:00,3,B,C,A,H,A,-118.3805923,34.15980148,N,A,N,0,1,H,2002,D,H,29,M,2,GM,3,0,0
15:25:00,3,A,C,A,H,A,-118.0831375,33.82984924,N,A,N,0,1,A,2001,D,H,30,M,1,GM,1,0,0
15:25:00,3,A,C,A,H,A,-118.0831375,33.82984924,Y,A,N,0,1,B,2013,D,H,28,M,1,GM,1,0,0
09:01:00,5,A,E,A,H,A,-118.6527481,34.53476334,Y,A,N,0,1,R,2008,D,H,20,M,1,HL,1,1,1
17:40:00,7,A,E,A,H,A,-118.5746078,34.17074585,Y,B,A,0,1,R,2005,D,H,32,M,1,GL,1,0,0
15:25:00,3,A,C,A,H,A,-117.8404083,34.00120544,N,A,N,0,1,A,2017,D,H,44,M,1,GM,1,0,0
11:10:00,1,A,C,A,H,A,-118.6760254,34.15016556,N,A,N,0,2,B,2008,D,A,47,M,2,GM,3,0,0
11:10:00,1,A,C,A,H,A,-118.6760254,34.15016556,N,A,N,0,2,B,2008,D,A,52,M,1,GM,1,0,0
13:05:00,5,A,C,A,H,A,-118.3685303,33.93894196,N,A,N,0,1,A,2016,D,H,58,M,1,GM,1,0,0
13:20:00,3,A,C,A,H,A,-118.3048935,33.92663956,N,A,N,0,1,A,2013,D,H,22,M,1,GM,1,0,0
13:10:00,4,A,D,A,H,A,-117.9584122,34.0418396,N,A,N,0,1,B,2004,D,H,49,F,2,GM,3,0,0
11:15:00,5,A,D,A,H,A,-118.0708466,33.97180176,N,A,N,0,1,B,2012,D,W,22,M,1,GM,1,0,0
05:25:00,2,A,C,A,H,B,-117.752861,34.02386093,N,A,N,0,1,H,2006,D,H,56,F,2,GM,3,0,0
15:50:00,1,A,C,A,H,A,-118.4850006,34.30912018,N,A,N,0,1,B,2006,D,H,18,M,1,GM,1,0,0
20:50:00,3,A,C,A,H,D,-118.3865585,33.93124771,Y,A,N,0,1,B,2007,D,W,43,M,1,GL,1,0,0
16:55:00,3,A,B,A,H,A,-118.4663849,34.02537155,Y,A,N,0,1,R,2019,D,W,29,M,1,GL,1,0,0
09:25:00,2,A,C,A,H,A,-118.161705,34.06315994,N,A,G,0,1,H,2017,D,O,29,M,1,GM,1,0,0
10:55:00,1,A,C,A,H,A,-118.1126328,33.87703705,Y,A,N,0,1,B,2014,D,H,21,M,1,GM,1,0,0
14:10:00,1,A,C,A,H,A,-118.0815811,33.81809235,Y,A,N,0,1,B,2008,D,W,31,M,1,GL,1,0,0
10:05:00,7,A,C,A,H,A,-118.3890686,33.97758102,N,A,G,0,1,A,2009,D,H,44,F,2,GP,4,0,0
10:58:00,5,A,C,A,H,A,-117.798996,34.06544876,Y,A,N,0,1,B,2015,D,B,46,M,1,GL,1,0,0
08:06:00,4,A,B,A,H,A,-118.3653488,34.44225693,N,A,N,0,1,B,2018,D,B,57,M,1,GM,1,0,0
13:30:00,3,A,C,A,H,A,-118.2387543,34.09013367,N,A,N,0,1,B,2017,D,H,25,M,1,GM,1,0,0
05:10:00,6,A,B,A,H,D,-118.4434052,34.41574478,N,A,N,0,1,B,2001,D,H,55,M,1,GM,1,0,0
12:30:00,1,A,E,A,H,A,-118.2394485,34.15462112,Y,A,N,0,2,B,2002,D,H,36,M,2,GM,3,0,0
15:30:00,4,A,C,A,H,A,-118.2649994,34.03352737,Y,A,N,0,1,H,2003,D,O,998,M,2,GM,3,0,0
12:55:00,5,A,B,A,H,A,-118.2139816,34.0291214,Y,A,N,0,1,R,2005,D,W,59,M,1,GM,1,0,0
12:35:00,1,A,C,A,H,A,-118.0933533,33.87641144,N,A,N,0,1,A,2015,D,W,34,F,1,GM,1,0,0
04:10:00,4,A,C,A,H,D,-118.0425568,34.1490593,Y,A,N,0,1,J,2015,D,H,34,M,1,GL,1,0,0
08:40:00,2,A,C,A,H,A,-118.0786133,34.14804077,Y,A,N,0,1,B,2001,D,H,71,M,1,GM,1,0,0
20:00:00,3,A,C,A,H,D,-118.1718826,33.87668228,Y,B,A,0,1,B,2007,D,B,40,F,1,KL,1,0,0
21:50:00,2,A,E,A,H,C,-118.0292206,33.92253876,N,A,N,0,1,A,2004,D,H,47,M,1,GM,1,0,0
17:35:00,5,A,C,A,H,A,-118.0467987,34.07018661,N,A,G,0,1,A,2003,D,W,72,M,1,GM,1,0,0
07:20:00,3,A,C,A,H,A,-118.2749939,33.8727684,N,A,N,0,1,B,2016,D,W,63,M,1,GM,1,0,0
10:10:00,1,A,C,A,D,A,-117.8707886,34.07187653,Y,A,N,0,1,B,2011,D,H,28,M,1,GM,1,0,0
17:10:00,1,A,C,A,H,A,-118.4779434,34.09944153,N,A,N,0,1,A,2009,D,W,46,M,1,GM,1,0,0
18:15:00,7,A,C,A,H,A,-118.0832977,33.92215729,N,A,N,0,3,A,2016,D,O,37,M,2,GM,3,0,0
18:15:00,7,A,C,A,H,A,-118.0832977,33.92215729,N,A,N,0,3,A,2016,D,O,13,F,2,GM,6,0,0
18:15:00,7,A,C,A,H,A,-118.0832977,33.92215729,N,A,N,0,3,A,2016,D,O,12,F,2,GM,4,0,0
07:15:00,2,A,B,A,H,A,-118.3830872,34.1655159,Y,A,N,0,1,B,2006,D,H,31,M,2,GP,6,0,0
16:00:00,2,A,C,A,H,A,-118.6175537,34.16627502,N,A,N,0,1,A,2018,D,W,59,M,1,GM,1,0,0
08:30:00,5,A,C,A,H,A,-118.2302856,33.97468948,Y,A,N,0,1,B,2002,D,H,24,F,2,GM,3,0,0
07:20:00,7,A,C,A,H,A,-118.1275558,34.03306198,Y,A,N,0,1,B,2010,D,H,54,F,1,GM,1,0,0
10:00:00,7,A,E,A,H,A,-117.9857025,34.54286957,Y,A,N,1,0,M,2004,D,B,52,M,1,HM,1,1,1
21:24:00,1,A,C,A,H,D,-118.1678238,33.97477722,N,A,N,0,3,H,2015,D,O,65,F,2,GP,6,0,0
21:24:00,1,A,C,A,H,D,-118.1678238,33.97477722,N,A,N,0,3,H,2015,D,O,69,M,2,GP,4,0,0
21:24:00,1,A,C,A,H,D,-118.1678238,33.97477722,N,A,N,0,3,H,2015,D,O,37,M,2,GM,3,0,0
08:25:00,3,B,D,A,H,A,-117.8550797,34.09944916,N,A,N,0,1,B,2006,D,H,42,M,1,GM,1,0,0
15:29:00,3,A,E,A,H,A,-118.4375,34.25912476,N,A,N,0,2,B,2005,D,W,63,M,2,GP,6,0,0
15:29:00,3,A,E,A,H,A,-118.4375,34.25912476,N,A,N,0,2,B,2005,D,W,53,M,2,GP,4,0,0
14:00:00,5,A,C,A,H,A,-117.9929886,34.52106094,Y,A,N,0,1,B,2011,D,H,46,M,1,GM,1,0,0
12:30:00,1,A,E,A,H,A,-118.2394485,34.15462112,Y,A,N,0,2,B,2002,D,H,62,M,1,GM,1,0,0
14:10:00,5,A,C,A,H,A,-118.473259,34.22742081,N,A,N,0,1,H,2007,D,H,51,F,1,GM,1,0,0
09:38:00,4,A,C,A,H,A,-118.3612137,34.44640732,Y,A,N,0,2,B,2011,D,A,57,M,1,GM,1,0,0
09:38:00,4,A,C,A,H,A,-118.3612137,34.44640732,Y,A,N,0,2,B,2011,D,A,54,F,2,GM,3,0,0
09:20:00,5,A,C,A,C,A,-118.0735245,34.04092407,N,A,N,0,2,A,2005,D,H,50,M,2,GM,3,0,0
09:20:00,5,A,C,A,C,A,-118.0735245,34.04092407,N,A,N,0,2,A,2005,D,H,48,M,1,GM,1,0,0
12:05:00,2,A,D,A,H,A,-117.8886108,33.99406052,Y,A,N,0,1,P,2007,D,W,22,M,1,GM,1,0,0
21:25:00,4,A,C,A,H,C,-118.2751312,34.02614975,N,A,N,0,1,H,2004,D,H,62,F,1,GM,1,0,0
12:30:00,2,A,B,A,H,A,-118.4760742,34.09318161,N,A,N,0,1,H,2016,D,H,36,M,1,GM,1,0,0
16:35:00,1,A,C,A,H,A,-117.9863815,34.1353569,N,A,N,0,1,A,2014,D,H,54,M,1,GM,1,0,0
14:45:00,7,A,D,A,H,A,-117.8340683,34.47584152,N,A,N,0,1,B,2016,D,W,49,F,1,GL,1,0,0
08:40:00,3,A,B,A,H,A,-118.1737213,33.87688446,N,A,N,0,1,B,2011,D,B,60,F,2,GM,3,0,0
16:15:00,5,A,C,A,H,A,-118.1047897,33.89842987,N,A,N,0,1,B,2016,D,H,44,M,1,GM,1,0,0
04:24:00,6,A,B,A,H,C,-118.2680206,34.04697037,N,A,N,0,1,B,2014,D,W,62,M,1,GM,1,0,0
09:05:00,3,A,C,A,H,A,-117.954155,34.00387573,N,A,N,0,1,B,2004,D,H,61,M,1,GM,1,0,0
16:50:00,5,A,C,A,H,A,-118.4026489,34.19815826,N,A,N,0,1,B,2001,D,H,62,M,1,GM,1,0,0
15:50:00,1,A,C,A,H,A,-118.4531708,34.05714035,N,A,N,0,1,A,2006,D,H,40,M,1,GM,1,0,0
18:33:00,4,A,E,A,C,A,-118.7981262,34.76404953,Y,A,M,0,3,R,2001,D,H,19,M,1,GL,1,0,0
18:33:00,4,A,E,A,C,A,-118.7981262,34.76404953,Y,A,M,0,3,R,2001,D,H,40,M,2,GL,3,0,0
18:33:00,4,A,E,A,C,A,-118.7981262,34.76404953,Y,A,M,0,3,R,2001,D,H,40,M,2,HP,6,1,1
05:15:00,7,A,E,A,H,D,-118.4885406,34.31337738,Y,A,N,0,1,R,2015,D,W,25,M,1,GM,1,0,0
14:20:00,2,A,E,A,H,A,-118.1594849,34.06422043,Y,A,F,0,1,R,2007,D,W,30,M,1,GM,1,0,0
15:26:00,2,A,C,A,H,A,-117.8805695,34.12105179,N,A,N,0,1,B,2005,D,H,42,M,1,GM,1,0,0
15:15:00,5,A,C,A,H,A,-118.5015488,34.17021179,N,A,N,0,1,A,2012,D,H,38,M,1,GM,1,0,0
17:40:00,7,A,C,A,H,A,-118.2313232,34.05337906,N,A,N,0,1,B,2005,D,H,59,F,1,GM,1,0,0
23:25:00,7,A,B,A,H,C,-118.1699295,34.0151329,N,A,N,0,2,B,2018,D,H,25,F,2,GP,6,0,0
23:25:00,7,A,B,A,H,C,-118.1699295,34.0151329,N,A,N,0,2,B,2018,D,H,19,M,1,GM,1,0,0
09:10:00,1,A,C,A,H,A,-118.4466476,34.26604462,N,A,N,0,1,A,2018,D,W,41,M,1,GM,1,0,0
19:16:00,5,A,D,A,H,B,-118.3580627,33.99653244,Y,A,N,0,1,L,2015,D,H,26,M,1,GM,1,1,1
08:34:00,3,A,B,A,H,A,-118.4879913,34.1651268,Y,A,N,0,1,J,2012,D,W,24,F,1,GM,1,0,0
12:00:00,4,A,C,A,H,C,-118.1100998,33.87680435,N,A,N,0,1,H,2007,D,H,33,M,1,GM,1,0,0
19:28:00,6,A,E,A,H,B,-118.1976318,33.86549759,Y,B,A,0,1,R,2001,D,H,36,M,1,GL,1,0,0
15:25:00,6,A,C,A,H,A,-117.8052292,34.0259552,Y,A,N,0,1,B,2014,D,A,28,F,2,GM,5,0,0
09:45:00,4,A,C,A,H,A,-118.1297531,34.07173157,Y,A,N,0,1,B,2014,D,H,57,M,1,GL,1,0,0
15:40:00,2,A,C,A,H,A,-118.3614044,33.8908577,N,A,N,0,1,A,2015,D,O,53,M,1,GM,1,0,0
05:31:00,6,A,D,A,H,D,-118.0815353,33.81820679,Y,A,I,0,1,B,2012,D,H,33,F,2,GL,3,0,0
11:20:00,3,A,D,A,H,A,-118.1792374,34.04056168,N,A,N,0,1,B,2018,D,H,31,M,1,GL,1,0,0
05:20:00,4,B,C,A,H,C,-117.8715057,34.12066269,N,A,N,0,1,A,2015,D,W,45,M,1,GM,1,0,0
02:44:00,5,A,C,A,H,C,-118.2463989,33.9285965,Y,B,A,0,1,B,2002,D,H,38,M,1,GL,1,0,0
10:30:00,5,A,B,A,H,A,-118.473938,34.12891769,N,A,N,0,1,B,2006,D,H,49,M,1,GM,1,0,0
12:28:00,5,A,B,A,H,A,-118.1956177,34.05538559,N,A,N,0,1,B,2012,D,W,20,M,2,GM,3,0,0
04:45:00,2,B,E,A,H,C,-118.2677383,34.03503036,Y,A,N,0,1,R,2004,D,H,32,M,1,GL,1,0,0
06:50:00,3,A,C,A,H,A,-118.3498917,34.21320724,N,A,N,0,1,B,2011,D,W,54,M,1,GM,1,0,0
12:15:00,7,A,D,A,H,A,-118.247673,33.96580124,N,A,N,0,2,B,2012,D,H,43,F,2,GL,3,0,0
12:15:00,7,A,D,A,H,A,-118.247673,33.96580124,N,A,N,0,2,B,2012,D,H,36,M,1,GL,1,0,0
10:20:00,3,A,C,A,H,A,-118.1590958,33.81033707,N,A,N,0,1,A,2015,D,H,40,M,1,GM,1,0,0
12:38:00,4,A,C,A,H,A,-118.4817429,34.11664581,N,A,N,0,1,A,2017,D,W,58,M,1,GM,1,0,0
02:50:00,6,A,C,A,H,D,-117.9549408,34.00411224,Y,B,A,0,1,J,2008,D,H,26,M,1,GL,1,0,0
15:05:00,7,A,C,A,D,A,-118.5677643,34.38277054,Y,A,N,0,1,B,2017,D,W,25,F,2,GL,3,0,0
07:37:00,3,A,C,A,H,A,-118.1957092,33.8743782,N,A,N,0,1,A,2016,D,H,58,M,1,GL,1,0,0
18:35:00,3,A,C,A,H,A,-118.2985687,33.73880768,N,A,N,0,1,A,2003,D,O,30,M,1,GM,1,0,0
15:15:00,2,A,D,A,H,A,-118.6168594,34.46969223,Y,A,N,0,1,F,2004,D,W,58,M,1,GM,1,0,0
21:00:00,7,A,E,A,H,C,-118.6274567,34.50252151,Y,B,A,0,1,B,2015,D,W,31,M,1,GL,1,0,0
09:30:00,2,A,B,A,H,A,-118.160759,33.8760376,N,A,N,0,1,B,2006,D,B,65,M,1,GM,1,0,0
07:25:00,2,A,C,A,H,A,-118.0972977,33.86240005,Y,A,N,0,1,B,2013,D,W,46,M,1,GL,1,0,0