collision_time,day_of_week,weather_1,type_of_collision,road_surface,road_cond_1,lighting,point_x,point_y,at_fault,party_soberiety,oaf_1,party_number_killed,party_number_injured,move_pre_acc,vehicle_year,stwd_vehicle_type,race,victim_age,victim_sex,victim_role,safety_equip_used,victim_seating_postion,victim_ejected,severe_injury
12:20:00,2,A,D,A,H,A,-118.2385406,34.0364151,N,A,N,0,1,B,2018,D,H,45,M,2,GM,8,0,0
12:20:00,2,A,D,A,H,A,-118.2385406,34.0364151,N,A,N,0,1,B,2018,D,H,38,M,2,GM,8,0,0
12:20:00,2,A,D,A,H,A,-118.2385406,34.0364151,N,A,N,0,1,B,2018,D,H,52,M,2,GM,8,0,0
12:20:00,2,A,D,A,H,A,-118.2385406,34.0364151,N,A,N,0,1,B,2018,D,H,61,M,2,GM,8,0,0
12:20:00,2,A,D,A,H,A,-118.2385406,34.0364151,N,A,N,0,1,B,2018,D,H,61,F,2,GM,8,0,0
12:20:00,2,A,D,A,H,A,-118.2385406,34.0364151,N,A,N,0,1,B,2018,D,H,62,M,2,GM,4,0,0
16:45:00,4,A,A,A,H,A,-118.2959213,33.96001053,N,A,N,0,1,B,2010,D,H,19,M,1,GM,1,0,0
17:45:00,5,A,B,A,H,A,-118.2417831,34.05395126,N,A,N,0,1,B,2012,D,H,36,F,2,GM,3,0,0
16:10:00,1,A,B,A,H,A,-118.6233597,34.18199539,N,A,N,0,1,B,2017,D,W,45,M,1,GM,1,0,0
13:38:00,1,A,D,A,H,A,-118.0109406,34.06476974,Y,A,F,0,0,B,2004,D,H,20,F,2,GM,3,0,0
07:54:00,3,A,D,A,H,A,-118.0552597,34.07430649,N,A,N,0,1,B,2004,D,H,13,M,2,GM,3,0,0
16:01:00,2,B,D,A,H,A,-118.055455,33.998676,N,A,N,0,1,B,2012,D,W,63,F,1,GM,1,0,0
21:57:00,2,A,D,A,H,C,-117.8083496,34.00671005,N,A,N,0,1,B,2003,D,H,60,M,1,GL,1,0,1
13:31:00,7,A,D,A,H,A,-118.1839523,34.73324966,N,A,N,0,1,B,2001,D,H,41,F,1,GL,1,0,0
17:25:00,4,A,B,A,H,A,-118.1278381,34.5798378,N,A,N,0,1,A,2002,D,H,43,M,2,GM,3,0,0
20:15:00,1,A,D,A,H,B,-118.0451965,34.5587883,N,A,N,0,2,D,2003,D,H,63,M,1,GM,1,0,0
20:15:00,1,A,D,A,H,B,-118.0451965,34.5587883,N,A,N,0,2,D,2003,D,H,46,F,2,GM,3,0,0
22:30:00,4,A,D,A,H,C,-118.2541122,33.94327164,N,A,N,0,0,A,2011,D,H,24,M,2,GM,3,0,0
22:30:00,4,A,D,A,H,C,-118.2541122,33.94327164,N,A,N,0,0,A,2011,D,H,26,M,2,GM,2,0,0
11:13:00,1,A,C,A,H,A,-118.150444,34.03999329,N,A,N,0,1,A,2006,D,H,47,M,1,GM,1,0,0
21:35:00,7,A,D,A,H,C,-118.210495,33.92734528,Y,A,A,0,1,B,2007,D,H,33,M,2,GM,6,0,0
21:35:00,7,A,D,A,H,C,-118.210495,33.92734528,Y,A,A,0,1,B,2007,D,H,58,F,2,GM,3,0,0
12:40:00,5,A,C,A,H,A,-118.4189224,34.28003311,N,A,N,0,1,A,2017,D,H,41,M,1,GM,1,0,0
12:40:00,3,A,A,A,H,A,-118.2916718,34.07038116,Y,A,N,0,0,E,2007,D,H,38,M,2,GM,3,0,0
12:10:00,3,A,C,A,H,A,-118.618866,34.18645096,N,A,N,0,3,A,2009,D,O,15,M,2,GM,6,0,0
12:10:00,3,A,C,A,H,A,-118.618866,34.18645096,N,A,N,0,3,A,2009,D,O,13,F,2,GM,3,0,0
08:00:00,3,A,A,A,H,A,-117.9283371,33.9502182,N,A,N,0,0,B,2007,D,H,20,M,2,GM,3,0,0
12:10:00,3,A,C,A,H,A,-118.618866,34.18645096,N,A,N,0,3,A,2009,D,O,40,F,1,GM,1,0,0
11:30:00,1,A,E,A,H,A,-118.5675507,34.18597031,Y,A,F,0,1,C,2008,D,W,38,M,1,GL,1,0,0
13:55:00,3,A,A,A,H,A,-118.8004532,34.0362587,N,A,N,0,1,B,2017,D,W,53,M,1,GL,1,0,0
15:17:00,2,A,B,A,H,A,-118.4013138,34.05968094,N,A,N,0,1,B,2005,D,H,40,M,1,GM,9,0,0
11:06:00,4,A,A,A,H,A,-118.4180984,34.09213638,N,A,N,0,1,B,2017,D,W,31,M,1,GM,9,0,0
19:58:00,6,A,C,A,H,C,-117.9163284,34.12152481,Y,B,A,0,1,B,2008,D,H,25,F,2,GM,4,0,0
10:05:00,1,A,C,A,H,A,-117.8813477,34.12879181,N,A,N,0,1,A,2018,D,H,44,M,1,GM,1,0,0
13:20:00,5,A,C,A,H,A,-118.397438,33.91944122,N,A,N,0,1,B,2006,D,W,88,M,1,GL,1,0,0
20:40:00,2,A,G,A,H,C,-118.4048615,33.91788101,N,A,N,0,0,B,2001,D,W,24,M,2,GM,3,0,0
17:56:00,7,A,D,A,H,A,-118.2192078,33.98352051,Y,A,N,0,2,B,2004,D,H,81,M,1,GL,1,0,0
17:56:00,7,A,D,A,H,A,-118.2192078,33.98352051,Y,A,N,0,2,B,2004,D,H,76,F,2,GL,3,0,0
06:38:00,3,A,A,A,H,A,-118.1498566,33.92686844,N,A,N,0,1,B,2018,D,H,35,M,1,GM,1,0,0
17:10:00,4,A,B,A,H,A,-118.0639572,33.92372131,N,A,N,0,0,D,2017,D,H,50,M,2,GM,3,0,0
06:30:00,6,A,D,A,H,A,-118.0997467,33.86458206,Y,A,N,0,1,L,2003,D,W,9,F,2,MQ,6,0,0
15:28:00,4,A,D,A,H,A,-118.1530685,33.92460251,Y,A,N,0,1,E,2007,D,H,74,F,2,GL,3,0,0
13:53:00,2,A,D,A,H,A,-118.0949326,33.93201065,N,A,N,0,1,B,2012,D,H,42,M,1,GL,1,0,0
17:10:00,4,A,B,A,H,A,-118.0639572,33.92372131,N,A,N,0,0,D,2017,D,H,22,M,2,GM,2,0,0
23:15:00,5,A,C,A,H,C,-118.147995,33.93697739,N,A,N,0,1,A,2013,D,H,29,M,2,GM,3,0,0
15:04:00,2,A,D,A,H,A,-118.1262436,33.96025848,N,A,N,0,1,B,2017,D,H,24,F,1,GM,6,0,0
11:45:00,6,A,C,A,H,A,-118.3052216,33.87295151,N,A,N,0,1,A,2007,D,H,62,M,1,GM,1,0,0
15:04:00,2,A,D,A,H,A,-118.1262436,33.96025848,N,A,N,0,1,B,2017,D,H,49,F,2,GM,3,0,0
05:50:00,1,A,C,A,H,A,-118.1763382,33.7973175,N,A,N,0,1,A,2014,D,W,57,M,1,GM,1,0,0
17:40:00,4,A,C,A,H,A,-118.2650146,34.02322388,Y,A,N,0,1,B,2014,D,H,40,M,1,GM,1,0,0
09:25:00,7,A,D,A,H,A,-118.3680878,34.22018814,Y,A,N,0,1,E,2019,D,B,28,M,2,GM,3,0,0
09:25:00,7,A,D,A,H,A,-118.3680878,34.22018814,Y,A,N,0,1,E,2019,D,B,31,F,1,GM,1,0,0
08:44:00,6,B,G,A,H,A,-118.0326691,33.97904205,Y,A,N,0,0,E,2007,D,H,7,M,2,MQ,6,0,0
14:55:00,7,A,D,A,H,A,-118.4330826,34.42292023,N,A,N,0,1,E,2017,D,H,36,M,1,GM,1,0,0
11:10:00,6,A,D,A,H,A,-118.2684479,34.07040787,Y,A,N,0,0,E,2012,D,O,21,M,2,GM,5,0,0
11:10:00,6,A,D,A,H,A,-118.2684479,34.07040787,Y,A,N,0,0,E,2012,D,O,23,M,2,GM,3,0,0
17:20:00,2,A,B,A,H,A,-118.2575073,34.04891968,N,A,N,0,0,D,2006,D,H,30,M,2,GM,6,0,0
17:20:00,2,A,B,A,H,A,-118.2575073,34.04891968,N,A,N,0,0,D,2006,D,H,34,M,2,GM,4,0,0
17:20:00,2,A,B,A,H,A,-118.2575073,34.04891968,N,A,N,0,0,D,2006,D,H,46,M,2,GM,3,0,0
08:44:00,6,B,G,A,H,A,-118.0326691,33.97904205,Y,A,N,0,0,E,2007,D,H,49,M,2,GM,3,0,0
14:00:00,2,A,D,A,H,A,-118.3222809,34.09255981,Y,A,N,0,3,B,2017,D,H,38,F,1,GL,1,0,0
14:00:00,2,A,D,A,H,A,-118.3222809,34.09255981,Y,A,N,0,3,B,2017,D,H,6,F,2,GL,5,0,0
14:00:00,2,A,D,A,H,A,-118.3222809,34.09255981,Y,A,N,0,3,B,2017,D,H,12,M,2,GL,6,0,0
14:00:00,2,A,D,A,H,A,-118.3222809,34.09255981,Y,A,N,0,3,B,2017,D,H,13,M,2,GL,3,0,0
08:26:00,7,A,E,A,H,A,-117.8900604,34.133461,Y,B,N,1,0,B,2001,D,H,21,M,1,HL,1,2,1
12:03:00,2,A,C,A,H,A,-118.14785,34.68944931,Y,A,N,0,0,B,2007,D,H,13,M,2,GM,6,0,0
12:03:00,2,A,C,A,H,A,-118.14785,34.68944931,Y,A,N,0,0,B,2007,D,H,3,M,2,GM,5,0,0
12:03:00,2,A,C,A,H,A,-118.14785,34.68944931,Y,A,N,0,0,B,2007,D,H,10,M,2,GM,5,0,0
12:03:00,2,A,C,A,H,A,-118.14785,34.68944931,Y,A,N,0,0,B,2007,D,H,4,F,2,MQ,4,0,0
10:00:00,4,A,A,A,H,A,-118.4317322,34.03211975,N,H,N,0,2,B,2017,D,H,18,M,2,GL,3,0,0
10:00:00,4,A,A,A,H,A,-118.4317322,34.03211975,N,H,N,0,2,B,2017,D,H,45,M,1,GL,1,0,0
15:35:00,2,A,D,A,H,A,-118.453598,34.21241379,N,A,N,0,1,L,2004,D,H,56,M,2,GM,3,0,0
17:12:00,3,A,D,A,H,A,-118.1255722,34.62875366,N,A,N,0,1,B,2011,D,H,51,F,2,GM,3,0,0
15:35:00,2,A,D,A,H,A,-118.453598,34.21241379,N,A,N,0,1,L,2004,D,H,34,M,1,GM,1,0,0
15:30:00,6,A,D,A,H,A,-118.4289474,34.15571594,Y,A,N,0,1,B,2001,D,H,44,M,1,GM,1,0,0
16:20:00,3,A,C,A,H,A,-118.5534668,34.20143509,N,A,N,0,1,A,2019,D,H,60,F,1,GM,1,0,0
14:40:00,5,A,D,A,H,A,-118.4574509,34.18566132,Y,A,N,0,0,E,2014,D,H,16,F,2,GM,3,0,0
19:41:00,6,A,C,A,H,A,-118.4574509,34.18584824,Y,A,N,0,0,B,2002,D,H,32,M,2,GM,3,0,0
14:35:00,1,A,D,A,H,A,-118.4309082,34.20119095,N,A,N,0,2,B,2019,D,H,52,F,2,GM,3,0,0
05:50:00,1,A,A,A,H,B,-118.5798035,34.24998093,Y,A,N,0,1,E,2003,D,H,24,M,1,GM,1,0,0
14:30:00,3,A,C,A,H,A,-118.1477356,34.61193848,N,A,N,0,1,A,2017,D,H,25,M,1,GM,1,0,0
16:56:00,5,A,C,A,H,A,-118.1662369,33.9445343,N,A,N,0,1,A,2017,D,H,51,F,1,GM,1,0,0
20:20:00,1,A,D,A,H,C,-118.031601,34.57252884,Y,A,N,0,1,B,2004,D,H,53,M,1,GM,1,0,0
15:52:00,6,A,D,A,H,A,-118.1476212,34.59447098,N,A,N,0,1,B,2005,D,H,45,M,1,GM,1,0,0
18:00:00,5,A,D,A,H,A,-118.3005219,34.09812164,N,H,N,0,1,B,2004,D,H,27,M,1,GM,1,0,0
12:32:00,1,A,B,A,H,A,-118.1157608,33.96704865,N,A,N,0,1,A,2019,D,H,64,M,1,GM,1,0,0
14:35:00,1,A,D,A,H,A,-118.4309082,34.20119095,N,A,N,0,2,B,2019,D,H,44,M,1,GM,1,0,0
12:55:00,1,A,D,A,H,A,-118.0872421,33.95264816,N,A,N,0,1,B,2018,D,H,25,M,1,GM,1,0,0
11:25:00,5,A,D,A,H,A,-118.4793015,34.19390869,N,A,N,0,1,A,2003,D,H,25,M,1,GM,1,0,0
08:30:00,3,A,D,A,H,A,-118.2131271,34.04349899,N,A,N,0,1,B,2017,D,H,40,M,1,GM,1,0,0
16:13:00,6,A,C,A,H,A,-118.0066757,33.94877625,N,A,N,0,1,A,2012,D,H,44,M,1,GM,1,0,0
15:13:00,7,A,B,A,H,A,-118.3614731,34.08187103,N,A,N,0,0,B,2019,D,H,20,F,2,GM,3,0,0
13:24:00,3,A,C,A,H,A,-118.3976135,34.07582855,N,A,N,0,1,H,2003,D,O,31,M,1,GM,9,0,0
22:30:00,6,A,F,A,H,C,-118.2901993,33.73207474,Y,H,N,0,1,B,2001,D,H,22,M,1,LM,1,0,0
10:20:00,7,A,D,A,H,A,-118.2914963,33.99320984,N,A,N,0,1,B,2007,D,H,44,M,1,GM,1,0,0
09:20:00,7,A,C,A,H,A,-118.2916946,34.10112,N,A,N,0,1,A,2007,D,H,32,M,1,GM,1,0,0
19:45:00,4,A,C,A,H,C,-118.3093109,33.83822632,Y,A,F,0,0,B,2015,D,O,73,F,2,GM,2,0,0
08:20:00,2,A,D,A,H,A,-118.2334137,33.78171921,Y,A,N,0,1,E,2004,D,H,30,M,1,GL,1,0,0
16:45:00,3,A,C,A,H,A,-118.5798416,34.26084518,Y,A,N,0,1,B,2018,D,H,23,M,1,GL,1,0,0
18:00:00,3,A,C,A,H,A,-118.2477875,34.00204086,N,A,N,0,1,A,2004,D,H,45,M,1,GM,1,0,0
23:55:00,3,A,E,A,H,C,-118.5710373,34.22217178,Y,D,N,0,1,B,2013,D,W,23,M,1,BM,1,0,0
17:00:00,5,A,C,A,H,A,-117.7611008,34.06210709,N,A,N,0,1,A,2003,D,H,50,F,1,GM,1,0,0
20:10:00,2,A,D,A,H,C,-118.282547,33.74919128,Y,A,N,0,0,E,2018,D,H,4,F,2,GM,6,0,0
20:10:00,2,A,D,A,H,C,-118.282547,33.74919128,Y,A,N,0,0,E,2018,D,H,13,F,2,GM,5,0,0
20:10:00,2,A,D,A,H,C,-118.282547,33.74919128,Y,A,N,0,0,E,2018,D,H,16,M,2,GM,4,0,0
20:10:00,2,A,D,A,H,C,-118.282547,33.74919128,Y,A,N,0,0,E,2018,D,H,37,M,2,GM,3,0,0
11:45:00,2,A,D,A,H,A,-118.2915802,33.91641998,N,A,N,0,1,B,2016,D,B,23,M,1,GL,1,0,0
19:56:00,5,A,D,A,H,B,-117.7587967,34.05490112,N,A,I,0,1,B,2015,D,H,22,M,1,GL,1,0,0
16:58:00,3,A,C,A,H,A,-118.1787262,33.93082809,N,A,G,0,1,A,2005,D,H,75,M,2,GM,3,0,0
04:17:00,7,A,B,A,H,C,-118.0585938,34.07708359,Y,A,N,0,1,B,2002,D,H,30,M,1,GM,1,0,0
14:50:00,7,A,C,A,H,A,-118.2912827,33.94549179,N,A,G,0,1,B,2011,D,H,7,F,2,GM,6,0,0
14:50:00,7,A,C,A,H,A,-118.2912827,33.94549179,N,A,G,0,1,B,2011,D,H,8,F,2,GM,5,0,0
14:50:00,7,A,C,A,H,A,-118.2912827,33.94549179,N,A,G,0,1,B,2011,D,H,66,F,2,GM,3,0,0
14:50:00,7,A,C,A,H,A,-118.2912827,33.94549179,N,A,G,0,1,B,2011,D,H,40,M,1,GM,1,0,0
10:45:00,2,A,C,A,H,A,-118.2396393,34.00977707,Y,H,N,0,2,B,2006,D,H,19,M,2,GM,3,0,0
10:45:00,2,A,C,A,H,A,-118.2396393,34.00977707,Y,H,N,0,2,B,2006,D,H,28,M,1,GM,1,0,0
04:30:00,1,A,D,A,H,B,-118.2782974,33.98243713,N,A,N,0,3,B,2017,D,H,0,M,2,CM,5,0,0
04:30:00,1,A,D,A,H,B,-118.2782974,33.98243713,N,A,N,0,3,B,2017,D,H,25,F,2,CM,6,0,0
17:50:00,3,A,D,A,H,A,-118.1991882,33.84669113,Y,A,N,0,0,A,2017,D,H,44,M,2,GM,3,0,0
04:30:00,1,A,D,A,H,B,-118.2782974,33.98243713,N,A,N,0,3,B,2017,D,H,27,M,1,CM,1,0,0
13:10:00,4,A,C,A,H,A,-118.358757,34.04396057,Y,A,O,0,1,H,2006,D,W,47,M,1,GL,1,0,0
14:22:00,6,A,C,A,H,A,-118.3446808,34.0605011,N,A,N,0,2,A,2006,D,H,33,M,2,GM,3,0,0
18:00:00,2,A,B,A,H,A,-118.4327011,34.23724747,N,A,N,0,1,B,2004,D,H,32,M,1,GM,1,0,0
19:00:00,7,A,D,A,H,A,-118.4298782,34.31202698,N,H,N,0,1,B,2001,D,H,99,F,2,GM,3,0,0
19:00:00,7,A,D,A,H,A,-118.4298782,34.31202698,N,H,N,0,1,B,2001,D,H,16,F,2,GM,6,0,0
19:00:00,7,A,D,A,H,A,-118.4298782,34.31202698,N,H,N,0,1,B,2001,D,H,14,F,2,GM,4,0,0
14:22:00,6,A,C,A,H,A,-118.3446808,34.0605011,N,A,N,0,2,A,2006,D,H,22,M,1,GM,1,0,0
15:10:00,5,A,B,A,H,A,-118.3308868,33.97565842,Y,A,N,0,0,B,2015,D,H,25,M,2,GM,3,0,0
11:55:00,4,A,C,A,H,A,-118.22995,34.09366226,Y,A,N,0,1,B,2006,D,H,54,F,1,GM,1,0,0
13:55:00,6,A,D,A,H,A,-118.2740631,34.01638031,N,A,N,0,5,B,2016,D,H,7,M,2,GM,4,0,0
13:55:00,6,A,D,A,H,A,-118.2740631,34.01638031,N,A,N,0,5,B,2016,D,H,8,F,2,GM,6,0,0
13:55:00,6,A,D,A,H,A,-118.2740631,34.01638031,N,A,N,0,5,B,2016,D,H,8,M,2,GM,5,0,0
13:55:00,6,A,D,A,H,A,-118.2740631,34.01638031,N,A,N,0,5,B,2016,D,H,46,F,2,GL,3,0,0
14:40:00,1,A,D,A,H,A,-118.057869,34.06272888,N,A,N,0,0,D,2006,D,H,48,M,2,GM,3,0,0
12:45:00,2,A,E,A,H,A,-117.9775467,34.14326096,Y,A,N,0,1,B,2006,D,W,63,M,1,GL,1,0,1
13:55:00,6,A,D,A,H,A,-118.2740631,34.01638031,N,A,N,0,5,B,2016,D,H,46,M,1,GL,1,0,0
16:25:00,4,A,B,A,H,A,-117.7941208,34.11394882,N,H,N,0,1,B,2017,D,W,5,M,2,MQ,5,0,0
16:25:00,4,A,B,A,H,A,-117.7941208,34.11394882,N,H,N,0,1,B,2017,D,W,7,F,2,MQ,4,0,0
16:25:00,4,A,B,A,H,A,-117.7941208,34.11394882,N,H,N,0,1,B,2017,D,W,36,F,2,GM,2,0,0
08:30:00,5,A,D,A,H,A,-118.2521515,34.00838089,N,A,N,0,0,B,2018,D,H,18,F,2,GM,3,0,0
06:45:00,3,A,C,A,H,A,-118.2291489,34.06884003,N,A,N,0,1,A,2007,D,H,53,M,1,GM,1,0,0
08:30:00,5,A,D,A,H,A,-118.2521515,34.00838089,Y,A,N,0,1,E,2002,D,H,18,M,2,GM,4,0,0
08:30:00,5,A,D,A,H,A,-118.2521515,34.00838089,Y,A,N,0,1,E,2002,D,H,19,F,2,GM,3,0,0
18:50:00,2,A,C,A,H,A,-118.4619293,34.18664932,N,A,N,0,1,H,2016,D,H,37,M,1,GM,1,0,0
06:45:00,7,B,D,A,H,A,-118.2782822,33.96007919,N,A,N,0,1,B,2014,D,B,52,M,1,GL,1,0,0
21:00:00,7,A,D,A,H,C,-118.3657837,34.04204941,N,A,N,0,3,B,2008,D,H,8,F,2,GM,4,0,0
21:00:00,7,A,D,A,H,C,-118.3657837,34.04204941,N,A,N,0,3,B,2008,D,H,3,F,2,GM,6,0,0
21:00:00,7,A,D,A,H,C,-118.3657837,34.04204941,N,A,N,0,3,B,2008,D,H,36,F,1,GM,1,0,0
22:25:00,7,A,D,A,H,C,-118.3440475,34.07357025,Y,A,A,0,1,B,2006,D,H,7,F,2,GL,5,0,0
22:25:00,7,A,D,A,H,C,-118.3440475,34.07357025,Y,A,A,0,1,B,2006,D,H,1,M,2,LQ,6,0,0
22:25:00,7,A,D,A,H,C,-118.3440475,34.07357025,Y,A,A,0,1,B,2006,D,H,20,M,2,GL,3,0,0
16:45:00,5,A,C,A,H,A,-118.1409836,34.15776062,Y,A,N,0,0,B,2003,D,H,54,M,2,GM,2,0,0
16:45:00,5,A,C,A,H,A,-118.1409836,34.15776062,Y,A,N,0,0,B,2003,D,H,17,M,2,GM,3,0,0
06:45:00,7,A,D,A,H,A,-118.1461792,34.16888046,Y,A,N,0,1,B,2018,D,O,43,M,1,GL,1,0,0
07:20:00,5,A,D,A,H,A,-118.8071899,34.14990997,N,A,N,0,1,E,2004,D,H,38,M,2,GM,3,0,0
14:55:00,3,A,D,B,H,A,-118.3987808,34.22164917,Y,A,N,0,2,N,2005,D,H,19,M,2,GM,3,0,0
14:55:00,3,A,D,B,H,A,-118.3987808,34.22164917,Y,A,N,0,2,N,2005,D,H,19,M,1,GM,1,0,0
22:30:00,1,A,D,A,H,C,-118.3328247,33.97452164,Y,A,N,0,1,L,2004,D,B,40,M,1,GM,1,0,0
08:00:00,6,A,B,A,H,A,-118.2564316,33.96792603,N,A,N,0,1,B,2018,D,H,14,M,2,GM,3,0,0
15:55:00,2,A,B,A,H,A,-118.3878021,34.22266006,Y,A,N,0,1,L,2009,D,H,24,M,2,GM,3,0,0
13:45:00,4,A,D,A,H,A,-118.2783203,33.99330902,N,A,N,0,0,A,2016,D,H,13,F,2,GM,3,0,0
09:15:00,7,B,D,A,H,A,-118.3280182,33.80984879,N,A,N,0,2,B,2006,D,W,27,F,2,GL,3,0,0
19:45:00,2,A,A,A,H,A,-118.4662018,34.20299911,N,A,N,0,1,B,2007,D,H,46,M,1,GL,1,0,0
09:15:00,7,B,D,A,H,A,-118.3280182,33.80984879,N,A,N,0,2,B,2006,D,W,27,M,1,GL,1,0,0
18:41:00,5,A,C,A,H,A,-118.1415634,34.159729,N,A,N,0,0,H,2001,D,H,40,M,2,GM,3,0,0
12:49:00,5,A,B,A,H,A,-117.943161,34.01442719,Y,A,N,0,1,C,2001,D,H,56,M,1,GL,1,0,0
16:30:00,7,A,D,A,H,A,-118.4487381,34.17211151,Y,A,N,0,0,D,2009,D,H,8,M,2,GM,6,0,0
16:30:00,7,A,D,A,H,A,-118.4487381,34.17211151,Y,A,N,0,0,D,2009,D,H,17,F,2,GM,3,0,0
16:42:00,2,A,A,A,H,A,-118.1552124,34.18085861,Y,A,A,0,1,B,2008,D,W,63,M,1,GM,1,0,0
15:00:00,6,A,D,A,H,A,-118.0220337,34.07419968,Y,A,N,0,1,L,2008,D,H,1,F,2,GM,6,0,0
11:30:00,6,A,C,A,H,A,-117.9251022,34.0100441,N,A,N,0,1,D,2010,D,H,12,M,2,GM,6,0,0
08:05:00,4,A,D,A,H,A,-118.2915421,34.01210022,Y,A,J,0,1,E,2008,D,H,70,M,1,GL,1,0,0
15:00:00,6,A,D,A,H,A,-118.0220337,34.07419968,Y,A,N,0,1,L,2008,D,H,8,F,2,GM,5,0,0
02:50:00,1,A,E,A,H,C,-118.4319229,34.05189896,Y,A,M,0,1,F,2009,D,O,54,F,1,GM,1,0,0
15:00:00,6,A,D,A,H,A,-118.0220337,34.07419968,Y,A,N,0,1,L,2008,D,H,7,M,2,GM,4,0,0
18:00:00,3,A,E,A,H,A,-118.4100723,34.42808914,Y,B,A,0,1,B,2004,D,W,26,M,1,GL,1,0,0
15:00:00,6,A,D,A,H,A,-118.0220337,34.07419968,Y,A,N,0,1,L,2008,D,H,21,F,1,GM,1,0,0
18:50:00,6,A,D,A,H,A,-118.5346298,34.43063354,Y,B,A,0,1,B,2001,D,W,69,M,1,GL,1,0,0
20:55:00,4,A,A,A,H,C,-117.7756271,34.05702972,N,A,N,0,0,B,2005,D,H,28,F,2,GM,3,0,0
15:38:00,6,A,D,A,H,A,-117.9430771,34.09012985,Y,A,N,0,1,B,2010,D,H,28,M,1,GL,1,0,0
17:59:00,1,A,D,A,H,A,-117.7590408,34.0623703,N,A,N,0,0,A,2017,D,H,6,M,2,MU,4,0,0
07:06:00,3,B,D,A,H,A,-118.0552292,33.9352684,N,A,N,0,1,A,2013,D,H,28,M,1,GM,1,0,0
09:45:00,7,A,A,A,H,A,-118.4502487,34.23540878,Y,A,N,0,2,E,2004,D,H,12,F,2,GM,6,3,0
09:45:00,7,A,A,A,H,A,-118.4502487,34.23540878,Y,A,N,0,2,E,2004,D,H,19,F,2,GL,3,3,0
10:43:00,3,A,C,A,H,A,-118.6233826,34.18591309,N,A,ZZ,0,1,A,2006,D,W,58,M,1,GM,1,0,0
12:20:00,7,A,C,A,H,A,-118.0373764,33.97735977,Y,A,N,0,1,B,2019,D,H,55,F,1,GM,1,0,0
05:02:00,4,A,D,A,H,B,-118.0552292,33.9352684,N,A,N,0,1,B,2007,D,W,34,M,1,GL,1,0,0
18:22:00,5,A,C,A,H,A,-118.3613205,33.87449265,N,A,N,0,2,A,2008,D,B,12,M,2,GM,3,0,0
18:22:00,5,A,C,A,H,A,-118.3613205,33.87449265,N,A,N,0,2,A,2008,D,B,48,M,1,GM,1,0,0
17:07:00,3,A,C,A,H,A,-117.9780045,33.90851974,N,A,N,0,1,A,2015,D,W,43,M,1,GM,1,0,0
17:07:00,3,A,C,A,H,A,-117.9780045,33.90851974,Y,A,N,0,1,J,2003,D,W,21,M,1,GL,1,0,0
09:50:00,4,A,D,A,H,A,-118.1369019,34.15124893,N,A,N,0,2,B,2005,D,H,31,M,2,GM,3,0,0
09:50:00,4,A,D,A,H,A,-118.1369019,34.15124893,N,A,N,0,2,B,2005,D,H,39,M,1,GM,1,0,0
16:07:00,1,A,D,A,H,A,-118.7072601,34.13381958,Y,A,N,0,0,B,2016,D,H,8,M,2,GM,6,0,0
16:07:00,1,A,D,A,H,A,-118.7072601,34.13381958,Y,A,N,0,0,B,2016,D,H,10,F,2,GM,4,0,0
13:30:00,2,A,D,A,H,A,-118.3443375,34.20928955,N,A,N,0,0,B,2011,D,H,56,M,2,GM,3,0,0
03:05:00,1,A,D,A,H,C,-118.492775,34.15761185,Y,A,N,0,1,F,2019,D,B,42,M,1,HL,1,0,0
18:00:00,1,A,C,A,H,A,-118.5021896,34.21940231,Y,A,O,0,0,H,2017,D,H,27,M,2,GM,3,0,0
09:50:00,4,A,D,A,H,A,-118.1369019,34.15124893,N,A,N,0,2,B,2005,D,H,28,M,2,GM,4,0,0
12:53:00,5,A,D,A,H,A,-118.4762573,34.24285126,Y,A,N,0,1,B,2012,D,H,46,M,1,GM,1,0,0
12:02:00,1,A,A,A,H,A,-118.2190323,33.97689056,Y,A,N,0,1,E,2009,D,H,76,M,1,GM,1,0,0
14:35:00,4,A,D,A,H,A,-118.4568634,34.41448593,N,A,N,0,0,B,2006,D,H,62,M,2,GM,4,0,0
14:35:00,4,A,D,A,H,A,-118.4568634,34.41448593,N,A,N,0,0,B,2006,D,H,63,M,2,GM,3,0,0
14:35:00,4,A,D,A,H,A,-118.4568634,34.41448593,N,A,N,0,0,B,2006,D,H,37,M,2,GM,6,0,0
14:35:00,4,A,D,A,H,A,-118.4568634,34.41448593,N,A,N,0,0,B,2006,D,H,24,M,2,GM,5,0,0
10:10:00,7,A,D,A,H,A,-118.5535583,34.25545883,Y,A,N,0,1,E,2005,D,H,37,M,1,GM,1,0,0
17:15:00,2,A,D,A,H,A,-118.4849091,34.25014877,N,A,N,0,2,B,2006,D,H,54,F,2,GL,3,0,0
17:15:00,2,A,D,A,H,A,-118.4849091,34.25014877,N,A,N,0,2,B,2006,D,H,62,F,1,GL,1,0,0
10:20:00,6,A,B,A,H,A,-118.5742111,34.44483948,N,A,N,0,0,B,2010,D,W,998,F,2,GM,3,0,0