collision_time,day_of_week,weather_1,type_of_collision,road_surface,road_cond_1,lighting,point_x,point_y,at_fault,party_soberiety,oaf_1,party_number_killed,party_number_injured,move_pre_acc,vehicle_year,stwd_vehicle_type,race,victim_age,victim_sex,victim_role,safety_equip_used,victim_seating_postion,victim_ejected,severe_injury
18:15:00,7,A,C,A,H,A,-118.5146408,34.37069702,N,A,N,0,3,A,2013,D,W,5,F,2,LQ,4,0,0
18:15:00,7,A,C,A,H,A,-118.5146408,34.37069702,N,A,N,0,3,A,2013,D,W,10,F,2,GL,6,0,0
18:15:00,7,A,C,A,H,A,-118.5146408,34.37069702,N,A,N,0,3,A,2013,D,W,8,F,2,GL,5,0,0
18:15:00,7,A,C,A,H,A,-118.5146408,34.37069702,N,A,N,0,3,A,2013,D,W,12,F,2,GL,3,0,0
18:55:00,2,A,A,A,H,B,-118.5320816,34.37897873,N,A,N,0,1,B,2015,D,W,20,M,1,GL,1,0,0
12:15:00,5,A,D,A,H,A,-118.2830734,34.10543823,N,A,ZZ,0,1,B,2018,D,H,57,M,1,GL,1,0,0
13:43:00,1,A,D,A,H,A,-118.4394302,33.98094177,Y,A,N,0,1,D,2001,D,H,59,M,1,GL,1,0,0
23:15:00,2,A,D,A,H,C,-118.0818405,33.83140182,N,A,N,0,1,E,2007,D,O,58,F,1,GM,1,3,0
16:32:00,2,A,C,A,H,A,-117.7346039,34.06276703,N,A,N,0,1,H,2007,D,W,49,M,1,BG,1,0,0
08:40:00,2,A,D,A,H,A,-118.2564621,33.9888916,Y,A,N,0,1,B,2007,D,H,26,M,2,GM,3,0,0
08:40:00,2,A,D,A,H,A,-118.2564621,33.9888916,Y,A,N,0,1,B,2007,D,H,28,M,1,GM,1,0,0
15:19:00,4,A,D,A,H,A,-117.7368011,34.0904541,N,A,N,0,1,H,2002,D,H,71,M,1,GM,1,0,0
19:50:00,5,A,D,A,H,B,-117.7405548,34.08031082,N,A,N,0,1,B,2012,D,W,54,M,1,GM,1,0,0
04:04:00,5,A,C,A,H,C,-117.7192001,34.0632515,N,A,N,0,1,A,2015,D,A,46,M,1,GM,1,0,0
22:25:00,6,A,A,A,H,C,-118.1077881,33.83230972,Y,A,N,0,2,E,2007,D,W,35,F,1,GL,1,0,0
13:40:00,3,A,C,A,H,A,-118.5186005,34.20840836,N,A,N,0,1,H,2010,D,W,64,M,1,GM,1,0,0
07:05:00,3,A,B,A,H,A,-118.3965302,34.17942047,N,A,N,0,1,B,2019,D,W,24,F,1,GM,1,0,0
07:05:00,3,A,B,A,H,A,-118.3965302,34.17942047,N,A,N,0,1,B,2019,D,W,25,M,2,GM,3,0,0
12:46:00,6,A,B,A,H,A,-118.3704605,34.16677856,N,A,N,0,3,B,2019,D,H,29,M,2,GM,4,0,0
12:46:00,6,A,B,A,H,A,-118.3704605,34.16677856,N,A,N,0,3,B,2019,D,H,44,M,2,GM,5,0,0
12:46:00,6,A,B,A,H,A,-118.3704605,34.16677856,N,A,N,0,3,B,2019,D,H,29,M,2,GM,6,0,0
12:46:00,6,A,B,A,H,A,-118.3704605,34.16677856,N,A,N,0,3,B,2019,D,H,38,M,2,GM,3,0,0
12:10:00,5,A,D,A,H,A,-118.1167068,33.92430878,N,A,N,0,1,B,2019,D,W,64,M,2,GM,1,0,0
15:03:00,3,A,D,A,H,A,-118.1308517,33.95396805,N,A,N,0,1,B,2018,D,H,56,M,1,GM,1,0,0
15:03:00,3,A,D,A,H,A,-118.1308517,33.95396805,Y,A,N,0,1,E,2001,D,H,68,F,1,GM,1,0,0
22:25:00,6,A,A,A,H,C,-118.1077881,33.83230972,Y,A,N,0,2,E,2007,D,W,17,M,2,GM,2,0,0
17:00:00,4,A,A,A,H,A,-118.5449677,34.18386078,N,A,N,0,1,B,2005,D,H,32,M,2,GM,6,0,0
17:00:00,4,A,A,A,H,A,-118.5449677,34.18386078,N,A,N,0,1,B,2005,D,H,24,M,2,GM,3,0,0
17:10:00,7,A,D,A,H,A,-118.4041672,34.2580986,N,A,N,0,3,B,2016,D,H,49,F,2,GM,4,0,0
17:10:00,7,A,D,A,H,A,-118.4041672,34.2580986,N,A,N,0,3,B,2016,D,H,0,M,2,GL,3,0,0
14:10:00,1,A,D,A,H,A,-118.5534363,34.17583084,Y,A,N,0,0,E,2015,D,W,45,M,2,GM,3,0,0
08:45:00,4,A,A,A,H,A,-118.477417,34.18664932,N,A,N,0,0,B,2010,D,H,11,F,2,GM,6,0,0
17:10:00,7,A,D,A,H,A,-118.4041672,34.2580986,N,A,N,0,3,B,2016,D,H,33,M,1,GL,1,0,0
07:00:00,3,A,E,A,H,A,-118.4777756,34.17635727,Y,A,N,0,1,C,2003,D,H,38,M,1,GL,1,0,0
14:00:00,4,A,D,A,H,A,-118.5360794,34.2207489,N,A,N,0,1,B,2009,D,W,46,M,1,GM,1,0,0
18:57:00,4,A,A,A,H,B,-117.9890289,33.90055084,Y,A,N,0,0,L,2002,D,W,9,M,2,GM,3,0,0
12:25:00,1,A,D,A,H,A,-118.5526428,34.17262268,Y,A,N,0,0,E,2002,D,H,38,M,2,GM,3,0,0
10:45:00,3,A,C,A,H,A,-118.5186081,34.20121002,Y,A,N,0,1,B,2005,D,H,28,M,2,GM,3,0,0
10:45:00,3,A,C,A,H,A,-118.5186081,34.20121002,Y,A,N,0,1,B,2005,D,H,25,M,1,GM,1,0,0
07:30:00,4,A,D,A,H,A,-118.4162598,34.24925995,Y,A,N,0,0,B,2018,D,W,44,M,2,GL,3,0,0
16:20:00,4,A,D,A,H,A,-118.6077194,34.1865387,Y,A,N,0,1,E,2017,D,H,32,M,1,GM,1,0,0
15:35:00,2,A,D,A,H,A,-118.0821228,33.85337067,N,A,N,0,1,B,2003,D,H,45,F,1,DL,1,0,0
16:32:00,4,A,D,A,H,A,-118.04216,34.0691185,Y,A,N,0,2,B,2016,D,H,52,F,2,GL,3,0,0
16:32:00,4,A,D,A,H,A,-118.04216,34.0691185,Y,A,N,0,2,B,2016,D,H,25,M,1,GL,1,0,0
18:07:00,3,A,A,A,H,A,-118.4447937,34.29880905,Y,B,A,0,1,B,2014,D,H,25,M,1,BN,1,3,0
19:30:00,6,A,E,A,H,B,-117.9403839,34.0280838,Y,A,A,0,1,C,2007,D,H,47,M,1,GL,1,0,0
13:27:00,4,A,C,A,H,A,-118.1427841,33.80355072,N,A,ZZ,0,1,A,2002,D,B,57,M,1,GM,1,3,0
17:28:00,3,A,D,A,H,A,-118.2629166,33.85826111,N,A,N,0,1,B,2002,D,H,65,M,1,GM,1,0,0
10:20:00,3,A,D,A,H,A,-118.2637177,33.82421875,Y,A,N,0,0,D,2001,D,W,66,M,2,GM,6,0,0
10:20:00,3,A,D,A,H,A,-118.2637177,33.82421875,Y,A,N,0,0,D,2001,D,W,57,F,2,GM,3,0,0
10:20:00,3,A,D,A,H,A,-118.2637177,33.82421875,Y,A,N,0,0,D,2001,D,W,18,F,2,GM,2,0,0
07:00:00,2,B,B,A,H,A,-118.279747,34.03777695,N,A,N,0,3,B,2017,D,H,8,M,2,GL,6,0,0
07:00:00,2,B,B,A,H,A,-118.279747,34.03777695,N,A,N,0,3,B,2017,D,H,9,F,2,GL,4,0,0
07:00:00,2,B,B,A,H,A,-118.279747,34.03777695,N,A,N,0,3,B,2017,D,H,36,F,2,GL,3,0,0
09:31:00,1,A,B,A,H,A,-118.3176804,34.03263855,Y,A,N,0,1,A,2018,D,W,998,F,2,GM,3,0,0
09:31:00,1,A,B,A,H,A,-118.3176804,34.03263855,Y,A,N,0,1,A,2018,D,W,42,M,1,GM,1,0,0
18:00:00,3,A,C,A,H,A,-118.4447937,34.29880905,Y,B,A,0,1,B,2014,D,H,25,M,1,BN,1,3,0
18:05:00,3,A,B,A,H,A,-118.446907,34.29690552,Y,B,A,0,1,B,2014,D,H,25,M,1,BN,1,3,0
08:40:00,7,A,D,A,H,A,-118.2917023,34.07775116,N,A,N,0,3,B,2019,D,H,5,F,2,LQ,4,0,0
08:40:00,7,A,D,A,H,A,-118.2917023,34.07775116,N,A,N,0,3,B,2019,D,H,8,F,2,LQ,6,0,0
08:40:00,7,A,D,A,H,A,-118.2917023,34.07775116,N,A,N,0,3,B,2019,D,H,30,F,2,GL,3,0,0
08:40:00,7,A,D,A,H,A,-118.2917023,34.07775116,N,A,N,0,3,B,2019,D,H,35,M,1,GL,1,0,0
23:00:00,7,A,D,A,H,C,-118.2651596,33.95288849,N,A,N,0,2,E,2016,D,H,58,F,2,GM,3,0,0
23:00:00,7,A,D,A,H,C,-118.2651596,33.95288849,N,A,N,0,2,E,2016,D,H,50,F,2,AG,4,0,0
10:06:00,3,A,A,A,H,A,-117.7318878,34.0373497,N,A,N,0,0,B,2004,D,H,18,M,2,GL,3,0,0
17:11:00,2,A,D,A,H,A,-117.7366409,34.06270981,Y,A,N,0,0,B,2006,D,H,32,F,2,GM,3,0,0
14:19:00,2,A,A,A,H,A,-117.741333,34.05532074,N,A,N,0,2,E,2008,D,H,7,F,2,GM,4,0,0
09:23:00,3,A,D,A,H,A,-118.3090591,34.05081177,N,A,N,0,1,B,2010,D,H,39,M,1,GL,1,0,0
12:17:00,1,A,D,A,H,A,-118.3041687,34.05768967,Y,A,N,0,1,E,2005,D,H,75,F,2,GL,3,0,0
17:45:00,2,A,D,A,H,A,-118.3365402,34.03256989,Y,A,N,0,1,A,2019,D,H,25,M,1,GL,1,0,0
14:19:00,2,A,A,A,H,A,-117.741333,34.05532074,N,A,N,0,2,E,2008,D,H,11,M,2,GM,3,0,0
14:00:00,2,A,C,A,H,A,-118.3089294,33.99784088,N,A,G,0,2,A,2018,D,H,37,M,2,GM,3,0,0
14:00:00,2,A,C,A,H,A,-118.3089294,33.99784088,N,A,G,0,2,A,2018,D,H,37,M,1,GM,1,0,0
15:20:00,7,A,A,A,H,A,-118.3101959,33.74212265,N,C,N,0,1,E,2013,D,H,25,M,1,GM,1,0,0
15:15:00,1,A,D,A,H,A,-118.4502029,34.02936935,Y,A,N,0,0,F,2008,D,W,29,M,2,MP,3,0,0
06:15:00,2,A,C,A,H,D,-118.4767532,34.17396545,N,A,N,0,1,B,2004,D,W,59,M,1,GL,1,0,0
06:30:00,5,A,C,A,H,A,-118.147719,34.601846,N,A,N,0,2,A,2003,D,W,67,F,2,GL,3,0,0
06:30:00,5,A,C,A,H,A,-118.147719,34.601846,N,A,N,0,2,A,2003,D,W,77,M,1,GL,1,0,0
15:00:00,3,A,C,A,H,A,-118.3704834,34.2011795,Y,A,N,0,1,B,2006,D,W,25,M,1,GM,1,0,0
16:15:00,2,A,C,A,H,A,-118.3703308,34.20458221,N,A,N,0,3,A,2001,D,W,41,M,2,GM,3,0,0
15:15:00,4,A,C,A,H,A,-118.0856323,34.01204681,N,G,N,0,1,A,2001,D,H,21,M,1,GM,1,0,0
16:35:00,7,A,D,A,H,A,-118.2521286,33.99893188,N,A,N,0,1,B,2018,D,H,31,M,1,GM,1,0,0
16:15:00,2,A,C,A,H,A,-118.3703308,34.20458221,N,A,N,0,3,A,2001,D,W,24,M,2,GM,2,0,0
16:15:00,2,A,C,A,H,A,-118.3703308,34.20458221,N,A,N,0,3,A,2001,D,W,36,M,1,GM,1,0,0
15:40:00,1,A,D,A,H,A,-118.3965225,34.19395065,N,A,N,0,1,B,2001,D,H,50,F,1,GM,1,0,0
06:20:00,3,A,D,A,H,A,-118.4124832,34.14490891,Y,A,N,0,1,E,2006,D,H,51,M,1,GM,1,0,0
13:35:00,4,A,D,A,H,A,-118.3987274,34.17940903,Y,A,N,0,2,E,2016,D,H,12,M,2,GL,3,0,0
13:35:00,4,A,D,A,H,A,-118.3987274,34.17940903,Y,A,N,0,2,E,2016,D,H,31,M,1,GL,1,0,0
21:45:00,4,A,A,A,H,C,-118.1106262,33.94416428,Y,G,N,0,1,B,2019,D,H,30,F,1,GL,1,0,0
11:59:00,4,A,A,A,H,A,-118.1384811,34.57975006,N,A,N,0,1,B,2006,D,O,58,F,1,GM,1,0,0
15:45:00,2,A,C,A,H,A,-118.1424026,33.91068268,N,A,N,0,1,A,2016,D,H,67,F,2,GM,3,0,0
15:45:00,2,A,C,A,H,A,-118.1424026,33.91068268,N,A,N,0,1,A,2016,D,H,61,F,1,GM,1,0,0
23:20:00,6,A,C,A,H,C,-117.9178391,34.02434158,N,A,N,0,1,A,2018,D,H,51,F,1,GM,1,0,0
22:18:00,7,A,E,A,H,C,-117.7262878,34.06671906,Y,A,N,0,1,E,2001,D,H,18,M,1,GM,1,0,0
14:17:00,3,A,B,A,H,A,-117.7720108,34.02732086,Y,A,N,0,0,J,2006,D,H,52,M,2,GM,3,0,0
22:00:00,5,A,A,A,H,C,-118.2024002,34.05445099,N,A,N,0,1,B,2002,D,H,72,M,1,GL,1,0,0
14:09:00,6,A,C,A,H,A,-117.9253159,34.10694122,Y,A,F,0,1,B,2008,D,W,64,F,1,GM,1,0,0
04:58:00,4,A,D,A,H,C,-117.8813095,34.07897949,N,A,N,0,1,B,2008,D,H,60,M,1,GM,1,0,0
05:02:00,7,A,B,A,H,C,-118.5821838,34.22819519,Y,B,A,2,1,B,2007,D,H,30,M,1,BL,1,2,0
05:02:00,7,A,B,A,H,C,-118.5821838,34.22819519,Y,B,A,2,1,B,2007,D,H,16,M,2,HL,2,0,1
05:02:00,7,A,B,A,H,C,-118.5821838,34.22819519,Y,B,A,2,1,B,2007,D,H,19,M,2,HL,3,0,1
23:07:00,7,A,C,A,H,C,-117.9986267,34.09913254,Y,G,N,0,1,B,2015,D,H,44,M,1,BL,1,0,0
14:10:00,5,A,C,A,H,A,-118.0774307,34.0092659,N,A,N,0,1,A,2007,D,H,22,F,2,GM,3,0,0
20:00:00,1,A,C,A,H,D,-118.5196915,34.18844223,Y,A,N,0,2,B,2017,D,H,11,M,2,GL,6,0,0
20:00:00,1,A,C,A,H,D,-118.5196915,34.18844223,Y,A,N,0,2,B,2017,D,H,11,M,2,GL,3,0,0
08:11:00,4,A,D,A,H,A,-117.7486115,34.0992012,Y,A,N,0,1,E,2011,D,H,30,F,1,GL,1,0,0
15:18:00,5,A,C,A,H,A,-117.7365112,34.04453278,N,A,N,0,1,A,2019,D,H,31,F,2,GM,3,0,0
11:04:00,3,A,B,A,H,A,-118.0858917,34.68976974,N,A,N,0,1,B,2003,D,W,36,M,1,GL,1,0,0
09:06:00,3,A,C,A,H,A,-118.3644485,33.87290955,N,A,N,0,2,B,2005,D,H,24,M,2,GM,3,0,0
09:06:00,3,A,C,A,H,A,-118.3644485,33.87290955,N,A,N,0,2,B,2005,D,H,31,M,1,GM,1,0,0
09:06:00,3,A,C,A,H,A,-118.3644485,33.87290955,Y,A,N,0,1,H,2008,D,H,23,M,1,GM,1,0,0
09:44:00,7,A,D,A,H,A,-118.1252899,33.88354874,N,A,ZZ,0,1,B,2003,D,H,24,M,1,GM,1,0,0
12:32:00,1,A,D,A,H,A,-118.1603241,34.67751694,Y,A,N,0,0,B,2005,D,O,72,M,2,GM,3,0,0
18:00:00,6,A,C,A,H,A,-118.3446579,34.04788971,N,G,G,0,3,E,2016,D,W,66,F,2,GM,4,3,0
18:40:00,1,A,C,A,H,A,-118.0851135,34.58013916,N,A,M,0,1,A,2015,D,H,54,F,2,GM,3,0,0
18:00:00,6,A,C,A,H,A,-118.3446579,34.04788971,N,G,G,0,3,E,2016,D,W,0,M,2,MQ,6,0,0
18:00:00,6,A,C,A,H,A,-118.3446579,34.04788971,N,G,G,0,3,E,2016,D,W,37,F,2,GM,5,0,0
18:00:00,6,A,C,A,H,A,-118.3446579,34.04788971,N,G,G,0,3,E,2016,D,W,59,F,2,GM,3,0,0
14:40:00,7,A,D,A,H,A,-118.278038,33.96152496,Y,A,N,0,1,L,2003,D,B,40,F,2,GM,3,0,0
22:45:00,4,A,A,A,H,C,-118.2542267,33.92947006,N,G,N,0,1,A,2003,D,H,43,M,1,GM,1,0,0
16:50:00,1,A,B,A,H,A,-118.2608566,33.94581985,N,A,N,0,1,B,2006,D,H,22,M,1,GL,1,0,0
08:26:00,6,A,A,A,H,A,-117.9368668,34.05046082,Y,A,F,0,0,B,2005,D,H,24,F,2,GM,3,0,0
20:47:00,6,A,B,A,H,C,-118.0815506,33.89564514,Y,B,A,0,1,B,2002,D,H,28,F,2,GM,2,0,0
16:01:00,3,A,B,A,H,A,-118.0948792,34.70423889,N,A,N,0,4,A,2007,D,W,15,F,2,GM,4,0,0
16:01:00,3,A,B,A,H,A,-118.0948792,34.70423889,N,A,N,0,4,A,2007,D,W,17,F,1,GM,1,0,0
16:01:00,3,A,B,A,H,A,-118.0948792,34.70423889,N,A,N,0,4,A,2007,D,W,2,M,2,MQ,6,0,0
11:10:00,4,A,C,A,H,A,-118.2835846,33.736866,Y,A,ZZ,0,1,B,2018,D,O,74,F,1,GM,1,3,0
07:30:00,1,A,B,A,H,A,-118.6332474,34.13461304,N,A,N,0,2,A,2008,D,H,25,M,2,GM,3,0,0
07:30:00,1,A,B,A,H,A,-118.6332474,34.13461304,N,A,N,0,2,A,2008,D,H,59,M,1,GM,1,0,0
16:01:00,3,A,B,A,H,A,-118.0948792,34.70423889,N,A,N,0,4,A,2007,D,W,15,F,2,GM,5,0,0
12:25:00,3,A,D,A,H,A,-118.3647537,34.07199097,Y,A,N,0,1,B,2012,D,W,21,M,1,GM,1,3,0
09:30:00,2,A,D,A,H,A,-118.2564621,33.99391937,Y,D,N,0,2,E,2001,D,H,62,M,1,GM,1,0,0
16:19:00,5,A,D,A,H,A,-118.1813889,33.93886185,N,A,N,0,1,B,2017,D,H,28,M,1,GM,1,0,0
08:00:00,3,A,C,A,H,A,-118.2696533,34.01728821,N,A,G,0,1,A,2013,D,H,55,F,1,GL,1,0,0
08:00:00,3,A,C,A,H,A,-118.2696533,34.01728821,N,A,G,0,1,A,2013,D,H,998,F,2,GL,4,0,0
04:03:00,3,A,E,A,H,C,-118.2919235,33.90832901,Y,B,A,0,1,C,2018,D,H,33,M,1,GL,1,3,0
22:39:00,7,A,C,A,H,C,-118.3091583,33.89404678,N,B,A,0,1,B,2017,D,H,28,F,2,GL,3,0,0
16:27:00,4,A,B,A,H,A,-118.1512909,34.70397186,Y,A,N,0,0,F,2008,D,W,19,M,2,GM,3,0,0
12:30:00,4,A,D,A,H,A,-118.2583618,33.89577103,N,A,N,0,1,B,2019,D,H,37,F,1,GM,1,0,0
07:30:00,5,A,C,A,H,A,-118.0768967,34.68886566,Y,A,N,0,1,B,2010,D,W,18,M,2,GP,2,0,0
16:55:00,7,A,D,A,H,A,-118.30896,33.98587036,Y,H,N,0,1,E,2003,D,B,56,M,1,GL,1,0,0
09:30:00,2,A,D,A,H,A,-118.2564621,33.99391937,Y,D,N,0,2,E,2001,D,H,52,F,2,GL,3,0,1
18:09:00,6,A,D,A,H,A,-117.9384689,34.05556107,N,A,N,0,1,B,2008,D,H,11,F,2,GM,3,0,0
08:35:00,2,A,D,A,H,A,-118.0089569,33.91706848,N,A,N,0,0,B,2001,D,H,67,F,2,GM,3,0,0
09:05:00,1,C,C,B,H,A,-118.1100235,33.81055069,N,A,ZZ,0,1,A,2006,D,H,53,M,1,GM,1,0,0
15:53:00,3,A,D,A,H,A,-118.2302475,33.9967308,N,A,N,0,1,B,2017,D,H,42,M,2,GM,3,3,0
15:53:00,3,A,D,A,H,A,-118.2302475,33.9967308,N,A,N,0,1,B,2017,D,H,43,M,1,GM,1,0,0
05:15:00,6,A,A,A,H,C,-118.0415115,33.98813629,Y,A,N,0,1,N,2016,D,W,34,M,1,GL,1,0,0
07:25:00,2,A,C,A,H,A,-118.2408676,34.02022934,Y,A,N,0,1,B,2015,D,H,34,M,1,GM,1,0,0
07:15:00,3,A,C,A,H,A,-118.4071655,34.19395065,N,A,N,0,1,A,2017,D,W,39,M,1,GM,1,0,0
07:14:00,2,A,C,A,H,A,-117.9282608,33.95027924,Y,A,F,0,1,B,2009,D,A,53,M,1,GM,1,0,0
04:38:00,2,C,D,B,H,C,-118.1276093,34.14292908,N,A,N,0,1,B,2017,D,H,23,F,1,GL,1,0,0
07:10:00,3,A,D,A,H,A,-118.4918137,34.4596405,Y,A,N,0,0,B,2006,D,H,62,M,2,GL,3,0,0
09:45:00,3,A,C,A,H,A,-118.3442841,34.20922089,N,A,N,0,1,A,2012,D,O,71,M,1,GM,1,0,0
22:01:00,6,A,C,A,H,C,-118.2802277,34.00378418,Y,B,A,0,0,B,2001,D,H,32,M,2,GM,6,0,0
13:53:00,2,B,C,A,H,A,-118.3178177,33.85825348,Y,A,N,0,1,H,2006,D,H,47,M,1,GL,1,0,0
09:05:00,5,A,C,A,H,A,-118.4988327,34.42076492,N,A,N,0,1,B,2014,D,W,66,M,1,GM,1,0,0
22:01:00,6,A,C,A,H,C,-118.2802277,34.00378418,Y,B,A,0,0,B,2001,D,H,24,M,2,GM,3,0,0
23:10:00,6,A,E,A,H,C,-118.4866867,34.39390182,Y,B,A,0,1,B,2015,D,H,37,M,1,GL,1,0,0
21:30:00,3,A,C,A,H,C,-118.3579712,33.99757004,Y,D,N,0,1,B,2011,D,W,54,F,1,GL,1,0,1
06:50:00,2,A,D,A,H,A,-118.0360107,34.57258987,N,A,N,0,1,B,2004,D,H,0,M,2,MQ,6,0,0
05:42:00,1,A,D,A,H,B,-118.1345215,34.07796097,N,A,N,0,2,A,2005,D,W,44,F,2,GM,3,0,0
05:42:00,1,A,D,A,H,B,-118.1345215,34.07796097,N,A,N,0,2,A,2005,D,W,27,M,1,GM,1,0,0
05:42:00,1,A,D,A,H,B,-118.1345215,34.07796097,N,A,N,0,1,A,2017,D,W,41,M,1,GM,1,0,0
06:50:00,2,A,D,A,H,A,-118.0360107,34.57258987,N,A,N,0,1,B,2004,D,H,49,M,1,GM,1,0,0
09:37:00,1,A,D,A,H,A,-118.0344238,34.56089401,Y,A,N,0,1,G,2004,D,H,36,M,2,GM,3,0,0
15:58:00,7,A,C,A,H,A,-118.0634384,33.83172989,Y,A,N,0,1,B,2013,D,H,55,F,2,GM,3,0,0
23:30:00,6,A,A,A,H,D,-118.2754517,34.01652145,N,A,N,0,1,A,2016,D,W,52,F,2,HL,3,0,0
21:45:00,6,A,D,A,H,A,-118.2274475,34.63817978,N,A,N,0,0,B,2019,D,W,29,F,2,GM,3,0,0
13:58:00,2,A,D,A,H,A,-118.2195663,34.7330513,N,A,N,0,1,B,2008,D,B,56,F,1,GM,1,0,0
20:15:00,4,A,C,A,H,A,-118.2828369,34.01113129,N,A,N,0,1,A,2009,D,H,59,M,1,GM,1,0,0
09:58:00,6,A,D,A,H,A,-118.1735992,33.79713058,Y,A,N,0,1,E,2003,D,O,23,M,1,GM,1,0,0
15:00:00,5,A,B,A,H,A,-118.1972885,34.06403351,N,A,N,0,1,A,2019,D,H,48,M,1,GM,1,0,0
13:59:00,6,A,D,A,H,A,-117.7674713,34.05379486,N,A,N,0,1,B,2005,D,H,54,F,1,GM,1,0,0
13:24:00,7,A,D,A,H,A,-118.0282974,33.90247345,N,A,N,0,0,B,2013,D,H,8,F,2,GM,3,0,0
17:15:00,2,A,D,A,H,A,-118.0277252,34.54091644,N,A,N,0,1,B,2005,D,H,50,F,2,GM,3,0,0
16:13:00,2,A,D,A,H,A,-118.165947,34.70328903,Y,A,N,0,1,F,2003,D,W,70,F,1,GM,1,0,0
14:39:00,3,A,D,A,H,A,-118.0715027,33.90233231,Y,A,N,0,2,F,2017,D,H,47,M,1,GM,1,0,0
14:39:00,3,A,D,A,H,A,-118.0715027,33.90233231,Y,A,N,0,2,F,2017,D,H,4,F,2,GM,5,0,0
14:39:00,3,A,D,A,H,A,-118.0715027,33.90233231,Y,A,N,0,2,F,2017,D,H,11,F,2,GM,4,0,0
09:00:00,5,A,C,A,H,A,-118.1168671,33.91685867,N,A,N,0,1,A,2016,D,H,35,M,1,GM,1,0,0
07:57:00,4,A,D,A,H,A,-118.1313477,33.93603134,Y,A,N,0,1,E,2005,D,H,36,M,2,GM,3,0,0
07:57:00,4,A,D,A,H,A,-118.1313477,33.93603134,Y,A,N,0,1,E,2005,D,H,36,M,1,GM,1,0,0
14:15:00,4,A,C,A,H,A,-117.9086761,34.10678864,Y,A,F,0,1,B,2004,D,H,29,M,1,GL,1,0,0
21:30:00,3,A,A,A,H,C,-118.3665085,34.22993088,Y,B,A,0,1,B,2012,D,H,49,M,1,GL,1,0,0
12:23:00,4,B,B,A,H,A,-118.1241302,34.70405579,Y,A,N,0,0,B,2018,D,W,72,M,2,GM,3,0,0
07:50:00,2,B,A,A,H,A,-118.5198441,34.02835846,N,A,N,0,2,B,2018,D,H,42,M,2,GM,3,0,0
07:50:00,2,B,A,A,H,A,-118.5198441,34.02835846,N,A,N,0,2,B,2018,D,H,41,M,1,GM,1,0,0
08:17:00,3,A,D,A,H,A,-118.1493988,34.66036987,Y,A,N,0,1,E,2001,D,W,66,M,1,GL,1,0,0
09:45:00,3,A,C,A,H,A,-118.4853973,34.12994766,Y,A,N,0,1,B,2016,D,H,34,M,1,GL,1,0,0
07:35:00,3,A,A,A,H,A,-118.528717,34.03251266,Y,A,O,0,1,F,2003,D,B,67,M,1,GL,1,0,0
16:00:00,2,A,D,A,H,A,-118.2273026,34.09051514,N,A,N,0,3,B,2011,D,H,30,F,1,GL,1,0,0
16:00:00,2,A,D,A,H,A,-118.2273026,34.09051514,N,A,N,0,3,B,2011,D,H,9,F,2,GL,3,0,0
16:00:00,2,A,D,A,H,A,-118.2273026,34.09051514,N,A,N,0,3,B,2011,D,H,7,M,2,GL,5,0,0
07:35:00,1,A,C,A,D,B,-118.0549164,34.54273987,N,A,N,0,2,B,2004,D,H,998,M,2,GM,3,0,0
07:35:00,1,A,C,A,D,B,-118.0549164,34.54273987,N,A,N,0,2,B,2004,D,H,40,M,1,GM,1,0,0
22:01:00,6,B,E,A,H,D,-117.8989868,34.16028595,Y,A,N,0,1,B,2018,D,H,33,M,1,GL,1,0,0
21:15:00,2,A,D,A,H,C,-118.0640564,33.93547058,Y,A,N,0,1,E,2004,D,W,20,M,1,GL,1,0,0
19:25:00,4,A,C,A,H,A,-118.4309082,34.14796829,N,A,N,0,1,A,2018,D,W,26,M,1,GM,1,0,0
14:05:00,4,A,D,A,H,A,-118.2425919,34.05678177,N,A,N,0,1,B,2018,D,H,40,M,1,GL,1,0,0
07:36:00,2,A,H,A,H,A,-118.0345306,33.96409225,N,A,N,0,0,D,2017,D,H,14,F,2,GM,3,0,0
09:36:00,3,A,C,A,H,A,-118.1537399,34.12261581,N,A,N,0,1,A,2016,D,W,49,M,1,GM,1,0,0
20:00:00,4,A,D,A,D,C,-118.2447433,34.04851151,N,A,N,0,2,B,2018,D,B,27,M,1,GL,1,0,0
20:00:00,4,A,D,A,D,C,-118.2447433,34.04851151,N,A,N,0,2,B,2018,D,B,34,F,2,GL,3,0,0
11:40:00,5,B,C,A,H,A,-118.2355118,34.10026932,Y,A,N,0,1,B,2004,D,W,57,M,1,GL,1,0,0
11:20:00,1,A,D,A,H,A,-118.0094376,34.13222122,N,A,N,0,1,B,2006,D,H,43,M,1,GM,1,0,0
11:40:00,6,A,B,A,H,A,-118.3024902,33.95999908,N,A,N,0,2,B,2007,D,B,56,M,2,GL,3,0,0
11:40:00,6,A,B,A,H,A,-118.3024902,33.95999908,N,A,N,0,2,B,2007,D,B,66,M,1,GL,1,0,0
11:52:00,5,A,A,A,H,A,-118.2830429,33.79853058,N,A,N,0,1,B,2006,D,W,70,M,1,GM,1,0,0